[
    {
        "actionName": "Action",
        "steps": [],
        "transactions": [
            {
                "transactionName": "TRXN01_SRL_Testing",
                "rawStartTime": 1570063323873,
                "rawEndTime": 1570063324142,
                "thinkTime": 0.0,
                "wastedTime": 0.0
            },
            {
                "transactionName": "TRXN01_SRL_Testing_2",
                "rawStartTime": 1570063324770,
                "rawEndTime": 1570063325289,
                "thinkTime": 0.0,
                "wastedTime": 0.0
            },
            {
                "transactionName": "TRXN01_SRL_Testing_3",
                "rawStartTime": 1570063325771,
                "rawEndTime": 1570063326161,
                "thinkTime": 0.0,
                "wastedTime": 0.0
            }
        ]
    }
]