[
    {
        "actionName": "Action",
        "steps": [],
        "transactions": [
            {
                "transactionName": "TRXN01_SRL_Testing",
                "rawStartTime": 1570063196057,
                "rawEndTime": 1570063196324,
                "thinkTime": 0.0,
                "wastedTime": 0.0
            },
            {
                "transactionName": "TRXN01_SRL_Testing_2",
                "rawStartTime": 1570063196884,
                "rawEndTime": 1570063197397,
                "thinkTime": 0.0,
                "wastedTime": 0.0
            },
            {
                "transactionName": "TRXN01_SRL_Testing_3",
                "rawStartTime": 1570063198038,
                "rawEndTime": 1570063198277,
                "thinkTime": 0.0,
                "wastedTime": 0.0
            }
        ]
    }
]