[
    {
        "actionName": "Action",
        "steps": [],
        "transactions": [
            {
                "transactionName": "TRXN01_SRL_Testing",
                "rawStartTime": 1570063004210,
                "rawEndTime": 1570063004797,
                "thinkTime": 0.0,
                "wastedTime": 0.0
            },
            {
                "transactionName": "TRXN01_SRL_Testing_2",
                "rawStartTime": 1570063006083,
                "rawEndTime": 1570063006389,
                "thinkTime": 0.0,
                "wastedTime": 0.0
            },
            {
                "transactionName": "TRXN01_SRL_Testing_3",
                "rawStartTime": 1570063006939,
                "rawEndTime": 1570063007289,
                "thinkTime": 0.0,
                "wastedTime": 0.0
            }
        ]
    }
]