[
    {
        "actionName": "Action",
        "steps": [],
        "transactions": [
            {
                "transactionName": "TRXN01_SRL_Testing",
                "rawStartTime": 1570063956671,
                "rawEndTime": 1570063957001,
                "thinkTime": 0.0,
                "wastedTime": 0.0
            },
            {
                "transactionName": "TRXN01_SRL_Testing_2",
                "rawStartTime": 1570063957628,
                "rawEndTime": 1570063957915,
                "thinkTime": 0.0,
                "wastedTime": 0.0
            },
            {
                "transactionName": "TRXN01_SRL_Testing_3",
                "rawStartTime": 1570063958551,
                "rawEndTime": 1570063958875,
                "thinkTime": 0.0,
                "wastedTime": 0.0
            }
        ]
    }
]