[
    {
        "actionName": "Action",
        "steps": [],
        "transactions": [
            {
                "transactionName": "TRXN01_SRL_Testing",
                "rawStartTime": 1570064089254,
                "rawEndTime": 1570064089855,
                "thinkTime": 0.0,
                "wastedTime": 0.0
            },
            {
                "transactionName": "TRXN01_SRL_Testing_2",
                "rawStartTime": 1570064090579,
                "rawEndTime": 1570064091066,
                "thinkTime": 0.0,
                "wastedTime": 0.0
            },
            {
                "transactionName": "TRXN01_SRL_Testing_3",
                "rawStartTime": 1570064091568,
                "rawEndTime": 1570064091881,
                "thinkTime": 0.0,
                "wastedTime": 0.0
            }
        ]
    }
]