[
    {
        "actionName": "Action",
        "steps": [],
        "transactions": [
            {
                "transactionName": "TRXN01_SRL_Testing",
                "rawStartTime": 1570064170991,
                "rawEndTime": 1570064171520,
                "thinkTime": 0.0,
                "wastedTime": 0.0
            },
            {
                "transactionName": "TRXN01_SRL_Testing_2",
                "rawStartTime": 1570064172123,
                "rawEndTime": 1570064172546,
                "thinkTime": 0.0,
                "wastedTime": 0.0
            },
            {
                "transactionName": "TRXN01_SRL_Testing_3",
                "rawStartTime": 1570064173152,
                "rawEndTime": 1570064173508,
                "thinkTime": 0.0,
                "wastedTime": 0.0
            }
        ]
    }
]