[
    {
        "actionName": "Action",
        "steps": [],
        "transactions": [
            {
                "transactionName": "TRXN01_SRL_Testing",
                "rawStartTime": 1570062976745,
                "rawEndTime": 1570062977170,
                "thinkTime": 0.0,
                "wastedTime": 0.0
            },
            {
                "transactionName": "TRXN01_SRL_Testing_2",
                "rawStartTime": 1570062977795,
                "rawEndTime": 1570062978115,
                "thinkTime": 0.0,
                "wastedTime": 0.0
            },
            {
                "transactionName": "TRXN01_SRL_Testing_3",
                "rawStartTime": 1570062978893,
                "rawEndTime": 1570062979227,
                "thinkTime": 0.0,
                "wastedTime": 0.0
            }
        ]
    }
]