[
    {
        "actionName": "Action",
        "steps": [],
        "transactions": [
            {
                "transactionName": "TRXN01_SRL_Testing",
                "rawStartTime": 1570063052222,
                "rawEndTime": 1570063052562,
                "thinkTime": 0.0,
                "wastedTime": 0.0
            },
            {
                "transactionName": "TRXN01_SRL_Testing_2",
                "rawStartTime": 1570063053179,
                "rawEndTime": 1570063053499,
                "thinkTime": 0.0,
                "wastedTime": 0.0
            },
            {
                "transactionName": "TRXN01_SRL_Testing_3",
                "rawStartTime": 1570063054074,
                "rawEndTime": 1570063054512,
                "thinkTime": 0.0,
                "wastedTime": 0.0
            }
        ]
    }
]