[
    {
        "actionName": "Action",
        "steps": [],
        "transactions": [
            {
                "transactionName": "TRXN01_SRL_Testing",
                "rawStartTime": 1570063170615,
                "rawEndTime": 1570063170913,
                "thinkTime": 0.0,
                "wastedTime": 0.0
            },
            {
                "transactionName": "TRXN01_SRL_Testing_2",
                "rawStartTime": 1570063171622,
                "rawEndTime": 1570063171894,
                "thinkTime": 0.0,
                "wastedTime": 0.0
            },
            {
                "transactionName": "TRXN01_SRL_Testing_3",
                "rawStartTime": 1570063172586,
                "rawEndTime": 1570063172907,
                "thinkTime": 0.0,
                "wastedTime": 0.0
            }
        ]
    }
]