[
    {
        "actionName": "Action",
        "steps": [],
        "transactions": [
            {
                "transactionName": "TRXN01_SRL_Testing",
                "rawStartTime": 1570063377940,
                "rawEndTime": 1570063378276,
                "thinkTime": 0.0,
                "wastedTime": 0.0
            },
            {
                "transactionName": "TRXN01_SRL_Testing_2",
                "rawStartTime": 1570063378920,
                "rawEndTime": 1570063379297,
                "thinkTime": 0.0,
                "wastedTime": 0.0
            },
            {
                "transactionName": "TRXN01_SRL_Testing_3",
                "rawStartTime": 1570063380422,
                "rawEndTime": 1570063381083,
                "thinkTime": 0.0,
                "wastedTime": 0.0
            }
        ]
    }
]