[
    {
        "actionName": "Action",
        "steps": [],
        "transactions": [
            {
                "transactionName": "TRXN01_SRL_Testing",
                "rawStartTime": 1570062854517,
                "rawEndTime": 1570062855137,
                "thinkTime": 0.0,
                "wastedTime": 0.0
            },
            {
                "transactionName": "TRXN01_SRL_Testing_2",
                "rawStartTime": 1570062855950,
                "rawEndTime": 1570062856256,
                "thinkTime": 0.0,
                "wastedTime": 0.0
            },
            {
                "transactionName": "TRXN01_SRL_Testing_3",
                "rawStartTime": 1570062856852,
                "rawEndTime": 1570062857252,
                "thinkTime": 0.0,
                "wastedTime": 0.0
            }
        ]
    }
]