[
    {
        "actionName": "Action",
        "steps": [],
        "transactions": [
            {
                "transactionName": "TRXN01_SRL_Testing",
                "rawStartTime": 1570062931021,
                "rawEndTime": 1570062931411,
                "thinkTime": 0.0,
                "wastedTime": 0.0
            },
            {
                "transactionName": "TRXN01_SRL_Testing_2",
                "rawStartTime": 1570062932037,
                "rawEndTime": 1570062932300,
                "thinkTime": 0.0,
                "wastedTime": 0.0
            },
            {
                "transactionName": "TRXN01_SRL_Testing_3",
                "rawStartTime": 1570062932801,
                "rawEndTime": 1570062933072,
                "thinkTime": 0.0,
                "wastedTime": 0.0
            }
        ]
    }
]