[
    {
        "actionName": "Action",
        "steps": [],
        "transactions": [
            {
                "transactionName": "TRXN01_SRL_Testing",
                "rawStartTime": 1570063534359,
                "rawEndTime": 1570063534868,
                "thinkTime": 0.0,
                "wastedTime": 0.0
            },
            {
                "transactionName": "TRXN01_SRL_Testing_2",
                "rawStartTime": 1570063535757,
                "rawEndTime": 1570063536090,
                "thinkTime": 0.0,
                "wastedTime": 0.0
            },
            {
                "transactionName": "TRXN01_SRL_Testing_3",
                "rawStartTime": 1570063536889,
                "rawEndTime": 1570063537450,
                "thinkTime": 0.0,
                "wastedTime": 0.0
            }
        ]
    }
]