[
    {
        "actionName": "Action",
        "steps": [],
        "transactions": [
            {
                "transactionName": "TRXN01_SRL_Testing",
                "rawStartTime": 1570063437023,
                "rawEndTime": 1570063437563,
                "thinkTime": 0.0,
                "wastedTime": 0.0
            },
            {
                "transactionName": "TRXN01_SRL_Testing_2",
                "rawStartTime": 1570063438148,
                "rawEndTime": 1570063438511,
                "thinkTime": 0.0,
                "wastedTime": 0.0
            },
            {
                "transactionName": "TRXN01_SRL_Testing_3",
                "rawStartTime": 1570063439304,
                "rawEndTime": 1570063439674,
                "thinkTime": 0.0,
                "wastedTime": 0.0
            }
        ]
    }
]