[
    {
        "actionName": "Action",
        "steps": [],
        "transactions": [
            {
                "transactionName": "TRXN01_SRL_Testing",
                "rawStartTime": 1570062984891,
                "rawEndTime": 1570062985373,
                "thinkTime": 0.0,
                "wastedTime": 0.0
            },
            {
                "transactionName": "TRXN01_SRL_Testing_2",
                "rawStartTime": 1570062985938,
                "rawEndTime": 1570062986219,
                "thinkTime": 0.0,
                "wastedTime": 0.0
            },
            {
                "transactionName": "TRXN01_SRL_Testing_3",
                "rawStartTime": 1570062986795,
                "rawEndTime": 1570062987241,
                "thinkTime": 0.0,
                "wastedTime": 0.0
            }
        ]
    }
]