[
    {
        "actionName": "Action",
        "steps": [],
        "transactions": [
            {
                "transactionName": "TRXN01_SRL_Testing",
                "rawStartTime": 1570063446307,
                "rawEndTime": 1570063446633,
                "thinkTime": 0.0,
                "wastedTime": 0.0
            },
            {
                "transactionName": "TRXN01_SRL_Testing_2",
                "rawStartTime": 1570063447496,
                "rawEndTime": 1570063447778,
                "thinkTime": 0.0,
                "wastedTime": 0.0
            },
            {
                "transactionName": "TRXN01_SRL_Testing_3",
                "rawStartTime": 1570063448387,
                "rawEndTime": 1570063448704,
                "thinkTime": 0.0,
                "wastedTime": 0.0
            }
        ]
    }
]