[
    {
        "actionName": "Action",
        "steps": [],
        "transactions": [
            {
                "transactionName": "TRXN01_SRL_Testing",
                "rawStartTime": 1570063413115,
                "rawEndTime": 1570063413405,
                "thinkTime": 0.0,
                "wastedTime": 0.0
            },
            {
                "transactionName": "TRXN01_SRL_Testing_2",
                "rawStartTime": 1570063413915,
                "rawEndTime": 1570063414386,
                "thinkTime": 0.0,
                "wastedTime": 0.0
            },
            {
                "transactionName": "TRXN01_SRL_Testing_3",
                "rawStartTime": 1570063415521,
                "rawEndTime": 1570063415823,
                "thinkTime": 0.0,
                "wastedTime": 0.0
            }
        ]
    }
]