[
    {
        "actionName": "Action",
        "steps": [],
        "transactions": [
            {
                "transactionName": "TRXN01_SRL_Testing",
                "rawStartTime": 1570064121203,
                "rawEndTime": 1570064121598,
                "thinkTime": 0.0,
                "wastedTime": 0.0
            },
            {
                "transactionName": "TRXN01_SRL_Testing_2",
                "rawStartTime": 1570064122231,
                "rawEndTime": 1570064122668,
                "thinkTime": 0.0,
                "wastedTime": 0.0
            },
            {
                "transactionName": "TRXN01_SRL_Testing_3",
                "rawStartTime": 1570064123304,
                "rawEndTime": 1570064123782,
                "thinkTime": 0.0,
                "wastedTime": 0.0
            }
        ]
    }
]