[
    {
        "actionName": "Action",
        "steps": [],
        "transactions": [
            {
                "transactionName": "TRXN01_SRL_Testing",
                "rawStartTime": 1570062782927,
                "rawEndTime": 1570062783302,
                "thinkTime": 0.0,
                "wastedTime": 0.0
            },
            {
                "transactionName": "TRXN01_SRL_Testing_2",
                "rawStartTime": 1570062784058,
                "rawEndTime": 1570062784648,
                "thinkTime": 0.0,
                "wastedTime": 0.0
            },
            {
                "transactionName": "TRXN01_SRL_Testing_3",
                "rawStartTime": 1570062785536,
                "rawEndTime": 1570062785807,
                "thinkTime": 0.0,
                "wastedTime": 0.0
            }
        ]
    }
]