[
    {
        "actionName": "Action",
        "steps": [],
        "transactions": [
            {
                "transactionName": "TRXN01_SRL_Testing",
                "rawStartTime": 1570063488651,
                "rawEndTime": 1570063488952,
                "thinkTime": 0.0,
                "wastedTime": 0.0
            },
            {
                "transactionName": "TRXN01_SRL_Testing_2",
                "rawStartTime": 1570063489685,
                "rawEndTime": 1570063490122,
                "thinkTime": 0.0,
                "wastedTime": 0.0
            },
            {
                "transactionName": "TRXN01_SRL_Testing_3",
                "rawStartTime": 1570063490686,
                "rawEndTime": 1570063491125,
                "thinkTime": 0.0,
                "wastedTime": 0.0
            }
        ]
    }
]