[
    {
        "actionName": "Action",
        "steps": [],
        "transactions": [
            {
                "transactionName": "TRXN01_SRL_Testing",
                "rawStartTime": 1570063850835,
                "rawEndTime": 1570063851645,
                "thinkTime": 0.0,
                "wastedTime": 0.0
            },
            {
                "transactionName": "TRXN01_SRL_Testing_2",
                "rawStartTime": 1570063853059,
                "rawEndTime": 1570063853505,
                "thinkTime": 0.0,
                "wastedTime": 0.0
            },
            {
                "transactionName": "TRXN01_SRL_Testing_3",
                "rawStartTime": 1570063854048,
                "rawEndTime": 1570063854353,
                "thinkTime": 0.0,
                "wastedTime": 0.0
            }
        ]
    }
]