[
    {
        "actionName": "Action",
        "steps": [],
        "transactions": [
            {
                "transactionName": "TRXN01_SRL_Testing",
                "rawStartTime": 1570063187810,
                "rawEndTime": 1570063188227,
                "thinkTime": 0.0,
                "wastedTime": 0.0
            },
            {
                "transactionName": "TRXN01_SRL_Testing_2",
                "rawStartTime": 1570063188693,
                "rawEndTime": 1570063189200,
                "thinkTime": 0.0,
                "wastedTime": 0.0
            },
            {
                "transactionName": "TRXN01_SRL_Testing_3",
                "rawStartTime": 1570063189807,
                "rawEndTime": 1570063190433,
                "thinkTime": 0.0,
                "wastedTime": 0.0
            }
        ]
    }
]