[
    {
        "actionName": "Action",
        "steps": [],
        "transactions": [
            {
                "transactionName": "TRXN01_SRL_Testing",
                "rawStartTime": 1570063157379,
                "rawEndTime": 1570063157786,
                "thinkTime": 0.0,
                "wastedTime": 0.0
            },
            {
                "transactionName": "TRXN01_SRL_Testing_2",
                "rawStartTime": 1570063158451,
                "rawEndTime": 1570063158779,
                "thinkTime": 0.0,
                "wastedTime": 0.0
            },
            {
                "transactionName": "TRXN01_SRL_Testing_3",
                "rawStartTime": 1570063159492,
                "rawEndTime": 1570063159954,
                "thinkTime": 0.0,
                "wastedTime": 0.0
            }
        ]
    }
]