[
    {
        "actionName": "Action",
        "steps": [],
        "transactions": [
            {
                "transactionName": "TRXN01_SRL_Testing",
                "rawStartTime": 1570063856332,
                "rawEndTime": 1570063856687,
                "thinkTime": 0.0,
                "wastedTime": 0.0
            },
            {
                "transactionName": "TRXN01_SRL_Testing_2",
                "rawStartTime": 1570063857197,
                "rawEndTime": 1570063857683,
                "thinkTime": 0.0,
                "wastedTime": 0.0
            },
            {
                "transactionName": "TRXN01_SRL_Testing_3",
                "rawStartTime": 1570063858161,
                "rawEndTime": 1570063858448,
                "thinkTime": 0.0,
                "wastedTime": 0.0
            }
        ]
    }
]