[
    {
        "actionName": "Action",
        "steps": [],
        "transactions": [
            {
                "transactionName": "TRXN01_SRL_Testing",
                "rawStartTime": 1570063026284,
                "rawEndTime": 1570063026800,
                "thinkTime": 0.0,
                "wastedTime": 0.0
            },
            {
                "transactionName": "TRXN01_SRL_Testing_2",
                "rawStartTime": 1570063027576,
                "rawEndTime": 1570063028006,
                "thinkTime": 0.0,
                "wastedTime": 0.0
            },
            {
                "transactionName": "TRXN01_SRL_Testing_3",
                "rawStartTime": 1570063028599,
                "rawEndTime": 1570063028864,
                "thinkTime": 0.0,
                "wastedTime": 0.0
            }
        ]
    }
]