[
    {
        "actionName": "Action",
        "steps": [],
        "transactions": [
            {
                "transactionName": "TRXN01_SRL_Testing",
                "rawStartTime": 1570062871736,
                "rawEndTime": 1570062871989,
                "thinkTime": 0.0,
                "wastedTime": 0.0
            },
            {
                "transactionName": "TRXN01_SRL_Testing_2",
                "rawStartTime": 1570062872657,
                "rawEndTime": 1570062872921,
                "thinkTime": 0.0,
                "wastedTime": 0.0
            },
            {
                "transactionName": "TRXN01_SRL_Testing_3",
                "rawStartTime": 1570062873517,
                "rawEndTime": 1570062873840,
                "thinkTime": 0.0,
                "wastedTime": 0.0
            }
        ]
    }
]