[
    {
        "actionName": "Action",
        "steps": [],
        "transactions": [
            {
                "transactionName": "TRXN01_SRL_Testing",
                "rawStartTime": 1570063788684,
                "rawEndTime": 1570063789201,
                "thinkTime": 0.0,
                "wastedTime": 0.0
            },
            {
                "transactionName": "TRXN01_SRL_Testing_2",
                "rawStartTime": 1570063790072,
                "rawEndTime": 1570063790513,
                "thinkTime": 0.0,
                "wastedTime": 0.0
            },
            {
                "transactionName": "TRXN01_SRL_Testing_3",
                "rawStartTime": 1570063791095,
                "rawEndTime": 1570063791411,
                "thinkTime": 0.0,
                "wastedTime": 0.0
            }
        ]
    }
]