[
    {
        "actionName": "Action",
        "steps": [],
        "transactions": [
            {
                "transactionName": "TRXN01_SRL_Testing",
                "rawStartTime": 1570063236500,
                "rawEndTime": 1570063236873,
                "thinkTime": 0.0,
                "wastedTime": 0.0
            },
            {
                "transactionName": "TRXN01_SRL_Testing_2",
                "rawStartTime": 1570063237561,
                "rawEndTime": 1570063237829,
                "thinkTime": 0.0,
                "wastedTime": 0.0
            },
            {
                "transactionName": "TRXN01_SRL_Testing_3",
                "rawStartTime": 1570063238397,
                "rawEndTime": 1570063238821,
                "thinkTime": 0.0,
                "wastedTime": 0.0
            }
        ]
    }
]