[
    {
        "actionName": "Action",
        "steps": [],
        "transactions": [
            {
                "transactionName": "TRXN01_SRL_Testing",
                "rawStartTime": 1570063921395,
                "rawEndTime": 1570063921812,
                "thinkTime": 0.0,
                "wastedTime": 0.0
            },
            {
                "transactionName": "TRXN01_SRL_Testing_2",
                "rawStartTime": 1570063922354,
                "rawEndTime": 1570063922650,
                "thinkTime": 0.0,
                "wastedTime": 0.0
            },
            {
                "transactionName": "TRXN01_SRL_Testing_3",
                "rawStartTime": 1570063923311,
                "rawEndTime": 1570063923641,
                "thinkTime": 0.0,
                "wastedTime": 0.0
            }
        ]
    }
]