[
    {
        "actionName": "Action",
        "steps": [],
        "transactions": [
            {
                "transactionName": "TRXN01_SRL_Testing",
                "rawStartTime": 1570063442018,
                "rawEndTime": 1570063442284,
                "thinkTime": 0.0,
                "wastedTime": 0.0
            },
            {
                "transactionName": "TRXN01_SRL_Testing_2",
                "rawStartTime": 1570063442956,
                "rawEndTime": 1570063443323,
                "thinkTime": 0.0,
                "wastedTime": 0.0
            },
            {
                "transactionName": "TRXN01_SRL_Testing_3",
                "rawStartTime": 1570063444049,
                "rawEndTime": 1570063444370,
                "thinkTime": 0.0,
                "wastedTime": 0.0
            }
        ]
    }
]