[
    {
        "actionName": "Action",
        "steps": [],
        "transactions": [
            {
                "transactionName": "TRXN01_SRL_Testing",
                "rawStartTime": 1570063386721,
                "rawEndTime": 1570063387274,
                "thinkTime": 0.0,
                "wastedTime": 0.0
            },
            {
                "transactionName": "TRXN01_SRL_Testing_2",
                "rawStartTime": 1570063387789,
                "rawEndTime": 1570063388071,
                "thinkTime": 0.0,
                "wastedTime": 0.0
            },
            {
                "transactionName": "TRXN01_SRL_Testing_3",
                "rawStartTime": 1570063388749,
                "rawEndTime": 1570063389093,
                "thinkTime": 0.0,
                "wastedTime": 0.0
            }
        ]
    }
]