[
    {
        "actionName": "Action",
        "steps": [],
        "transactions": [
            {
                "transactionName": "TRXN01_SRL_Testing",
                "rawStartTime": 1570062884457,
                "rawEndTime": 1570062885289,
                "thinkTime": 0.0,
                "wastedTime": 0.0
            },
            {
                "transactionName": "TRXN01_SRL_Testing_2",
                "rawStartTime": 1570062885958,
                "rawEndTime": 1570062886359,
                "thinkTime": 0.0,
                "wastedTime": 0.0
            },
            {
                "transactionName": "TRXN01_SRL_Testing_3",
                "rawStartTime": 1570062886838,
                "rawEndTime": 1570062887343,
                "thinkTime": 0.0,
                "wastedTime": 0.0
            }
        ]
    }
]