[
    {
        "actionName": "Action",
        "steps": [],
        "transactions": [
            {
                "transactionName": "TRXN01_SRL_Testing",
                "rawStartTime": 1570063499679,
                "rawEndTime": 1570063500491,
                "thinkTime": 0.0,
                "wastedTime": 0.0
            },
            {
                "transactionName": "TRXN01_SRL_Testing_2",
                "rawStartTime": 1570063501555,
                "rawEndTime": 1570063501970,
                "thinkTime": 0.0,
                "wastedTime": 0.0
            },
            {
                "transactionName": "TRXN01_SRL_Testing_3",
                "rawStartTime": 1570063502475,
                "rawEndTime": 1570063502865,
                "thinkTime": 0.0,
                "wastedTime": 0.0
            }
        ]
    }
]