[
    {
        "actionName": "Action",
        "steps": [],
        "transactions": [
            {
                "transactionName": "TRXN01_SRL_Testing",
                "rawStartTime": 1570062816737,
                "rawEndTime": 1570062816988,
                "thinkTime": 0.0,
                "wastedTime": 0.0
            },
            {
                "transactionName": "TRXN01_SRL_Testing_2",
                "rawStartTime": 1570062817571,
                "rawEndTime": 1570062817866,
                "thinkTime": 0.0,
                "wastedTime": 0.0
            },
            {
                "transactionName": "TRXN01_SRL_Testing_3",
                "rawStartTime": 1570062818468,
                "rawEndTime": 1570062818723,
                "thinkTime": 0.0,
                "wastedTime": 0.0
            }
        ]
    }
]