[
    {
        "actionName": "Action",
        "steps": [],
        "transactions": [
            {
                "transactionName": "TRXN01_SRL_Testing",
                "rawStartTime": 1570062922168,
                "rawEndTime": 1570062922455,
                "thinkTime": 0.0,
                "wastedTime": 0.0
            },
            {
                "transactionName": "TRXN01_SRL_Testing_2",
                "rawStartTime": 1570062923089,
                "rawEndTime": 1570062923429,
                "thinkTime": 0.0,
                "wastedTime": 0.0
            },
            {
                "transactionName": "TRXN01_SRL_Testing_3",
                "rawStartTime": 1570062924003,
                "rawEndTime": 1570062924285,
                "thinkTime": 0.0,
                "wastedTime": 0.0
            }
        ]
    }
]