[
    {
        "actionName": "Action",
        "steps": [],
        "transactions": [
            {
                "transactionName": "TRXN01_SRL_Testing",
                "rawStartTime": 1570063578312,
                "rawEndTime": 1570063578611,
                "thinkTime": 0.0,
                "wastedTime": 0.0
            },
            {
                "transactionName": "TRXN01_SRL_Testing_2",
                "rawStartTime": 1570063579206,
                "rawEndTime": 1570063579511,
                "thinkTime": 0.0,
                "wastedTime": 0.0
            },
            {
                "transactionName": "TRXN01_SRL_Testing_3",
                "rawStartTime": 1570063580277,
                "rawEndTime": 1570063580631,
                "thinkTime": 0.0,
                "wastedTime": 0.0
            }
        ]
    }
]