[
    {
        "actionName": "Action",
        "steps": [],
        "transactions": [
            {
                "transactionName": "TRXN01_SRL_Testing",
                "rawStartTime": 1570063463397,
                "rawEndTime": 1570063463683,
                "thinkTime": 0.0,
                "wastedTime": 0.0
            },
            {
                "transactionName": "TRXN01_SRL_Testing_2",
                "rawStartTime": 1570063464277,
                "rawEndTime": 1570063464681,
                "thinkTime": 0.0,
                "wastedTime": 0.0
            },
            {
                "transactionName": "TRXN01_SRL_Testing_3",
                "rawStartTime": 1570063465586,
                "rawEndTime": 1570063465911,
                "thinkTime": 0.0,
                "wastedTime": 0.0
            }
        ]
    }
]