[
    {
        "actionName": "Action",
        "steps": [],
        "transactions": [
            {
                "transactionName": "TRXN01_SRL_Testing",
                "rawStartTime": 1570062897829,
                "rawEndTime": 1570062899061,
                "thinkTime": 0.0,
                "wastedTime": 0.0
            },
            {
                "transactionName": "TRXN01_SRL_Testing_2",
                "rawStartTime": 1570062900711,
                "rawEndTime": 1570062901117,
                "thinkTime": 0.0,
                "wastedTime": 0.0
            },
            {
                "transactionName": "TRXN01_SRL_Testing_3",
                "rawStartTime": 1570062901995,
                "rawEndTime": 1570062902516,
                "thinkTime": 0.0,
                "wastedTime": 0.0
            }
        ]
    }
]