[
    {
        "actionName": "Action",
        "steps": [],
        "transactions": [
            {
                "transactionName": "TRXN01_SRL_Testing",
                "rawStartTime": 1570063807666,
                "rawEndTime": 1570063807951,
                "thinkTime": 0.0,
                "wastedTime": 0.0
            },
            {
                "transactionName": "TRXN01_SRL_Testing_2",
                "rawStartTime": 1570063808501,
                "rawEndTime": 1570063809710,
                "thinkTime": 0.0,
                "wastedTime": 0.0
            },
            {
                "transactionName": "TRXN01_SRL_Testing_3",
                "rawStartTime": 1570063810502,
                "rawEndTime": 1570063810891,
                "thinkTime": 0.0,
                "wastedTime": 0.0
            }
        ]
    }
]