[
    {
        "actionName": "Action",
        "steps": [],
        "transactions": [
            {
                "transactionName": "TRXN01_SRL_Testing",
                "rawStartTime": 1570064138965,
                "rawEndTime": 1570064139340,
                "thinkTime": 0.0,
                "wastedTime": 0.0
            },
            {
                "transactionName": "TRXN01_SRL_Testing_2",
                "rawStartTime": 1570064140228,
                "rawEndTime": 1570064140624,
                "thinkTime": 0.0,
                "wastedTime": 0.0
            },
            {
                "transactionName": "TRXN01_SRL_Testing_3",
                "rawStartTime": 1570064141311,
                "rawEndTime": 1570064141673,
                "thinkTime": 0.0,
                "wastedTime": 0.0
            }
        ]
    }
]