[
    {
        "actionName": "Action",
        "steps": [],
        "transactions": [
            {
                "transactionName": "TRXN01_SRL_Testing",
                "rawStartTime": 1570063869144,
                "rawEndTime": 1570063869462,
                "thinkTime": 0.0,
                "wastedTime": 0.0
            },
            {
                "transactionName": "TRXN01_SRL_Testing_2",
                "rawStartTime": 1570063870416,
                "rawEndTime": 1570063870835,
                "thinkTime": 0.0,
                "wastedTime": 0.0
            },
            {
                "transactionName": "TRXN01_SRL_Testing_3",
                "rawStartTime": 1570063871652,
                "rawEndTime": 1570063872015,
                "thinkTime": 0.0,
                "wastedTime": 0.0
            }
        ]
    }
]