[
    {
        "actionName": "Action",
        "steps": [],
        "transactions": [
            {
                "transactionName": "TRXN01_SRL_Testing",
                "rawStartTime": 1570063271467,
                "rawEndTime": 1570063271979,
                "thinkTime": 0.0,
                "wastedTime": 0.0
            },
            {
                "transactionName": "TRXN01_SRL_Testing_2",
                "rawStartTime": 1570063272429,
                "rawEndTime": 1570063272842,
                "thinkTime": 0.0,
                "wastedTime": 0.0
            },
            {
                "transactionName": "TRXN01_SRL_Testing_3",
                "rawStartTime": 1570063273636,
                "rawEndTime": 1570063274226,
                "thinkTime": 0.0,
                "wastedTime": 0.0
            }
        ]
    }
]