[
    {
        "actionName": "Action",
        "steps": [],
        "transactions": [
            {
                "transactionName": "TRXN01_SRL_Testing",
                "rawStartTime": 1570062867183,
                "rawEndTime": 1570062867462,
                "thinkTime": 0.0,
                "wastedTime": 0.0
            },
            {
                "transactionName": "TRXN01_SRL_Testing_2",
                "rawStartTime": 1570062868013,
                "rawEndTime": 1570062868377,
                "thinkTime": 0.0,
                "wastedTime": 0.0
            },
            {
                "transactionName": "TRXN01_SRL_Testing_3",
                "rawStartTime": 1570062868886,
                "rawEndTime": 1570062869554,
                "thinkTime": 0.0,
                "wastedTime": 0.0
            }
        ]
    }
]