[
    {
        "actionName": "Action",
        "steps": [],
        "transactions": [
            {
                "transactionName": "TRXN01_SRL_Testing",
                "rawStartTime": 1570062824271,
                "rawEndTime": 1570062824846,
                "thinkTime": 0.0,
                "wastedTime": 0.0
            },
            {
                "transactionName": "TRXN01_SRL_Testing_2",
                "rawStartTime": 1570062825652,
                "rawEndTime": 1570062826152,
                "thinkTime": 0.0,
                "wastedTime": 0.0
            },
            {
                "transactionName": "TRXN01_SRL_Testing_3",
                "rawStartTime": 1570062826642,
                "rawEndTime": 1570062826939,
                "thinkTime": 0.0,
                "wastedTime": 0.0
            }
        ]
    }
]