[
    {
        "actionName": "Action",
        "steps": [],
        "transactions": [
            {
                "transactionName": "TRXN01_SRL_Testing",
                "rawStartTime": 1570063130818,
                "rawEndTime": 1570063131111,
                "thinkTime": 0.0,
                "wastedTime": 0.0
            },
            {
                "transactionName": "TRXN01_SRL_Testing_2",
                "rawStartTime": 1570063131845,
                "rawEndTime": 1570063132148,
                "thinkTime": 0.0,
                "wastedTime": 0.0
            },
            {
                "transactionName": "TRXN01_SRL_Testing_3",
                "rawStartTime": 1570063132663,
                "rawEndTime": 1570063133158,
                "thinkTime": 0.0,
                "wastedTime": 0.0
            }
        ]
    }
]