[
    {
        "actionName": "Action",
        "steps": [],
        "transactions": [
            {
                "transactionName": "TRXN01_SRL_Testing",
                "rawStartTime": 1570063047639,
                "rawEndTime": 1570063048196,
                "thinkTime": 0.0,
                "wastedTime": 0.0
            },
            {
                "transactionName": "TRXN01_SRL_Testing_2",
                "rawStartTime": 1570063048800,
                "rawEndTime": 1570063049102,
                "thinkTime": 0.0,
                "wastedTime": 0.0
            },
            {
                "transactionName": "TRXN01_SRL_Testing_3",
                "rawStartTime": 1570063050084,
                "rawEndTime": 1570063050613,
                "thinkTime": 0.0,
                "wastedTime": 0.0
            }
        ]
    }
]