[
    {
        "actionName": "Action",
        "steps": [],
        "transactions": [
            {
                "transactionName": "TRXN01_SRL_Testing",
                "rawStartTime": 1570062926367,
                "rawEndTime": 1570062926693,
                "thinkTime": 0.0,
                "wastedTime": 0.0
            },
            {
                "transactionName": "TRXN01_SRL_Testing_2",
                "rawStartTime": 1570062927407,
                "rawEndTime": 1570062927890,
                "thinkTime": 0.0,
                "wastedTime": 0.0
            },
            {
                "transactionName": "TRXN01_SRL_Testing_3",
                "rawStartTime": 1570062928612,
                "rawEndTime": 1570062928845,
                "thinkTime": 0.0,
                "wastedTime": 0.0
            }
        ]
    }
]