[
    {
        "actionName": "Action",
        "steps": [],
        "transactions": [
            {
                "transactionName": "TRXN01_SRL_Testing",
                "rawStartTime": 1570063262625,
                "rawEndTime": 1570063262949,
                "thinkTime": 0.0,
                "wastedTime": 0.0
            },
            {
                "transactionName": "TRXN01_SRL_Testing_2",
                "rawStartTime": 1570063263942,
                "rawEndTime": 1570063264188,
                "thinkTime": 0.0,
                "wastedTime": 0.0
            },
            {
                "transactionName": "TRXN01_SRL_Testing_3",
                "rawStartTime": 1570063265193,
                "rawEndTime": 1570063265508,
                "thinkTime": 0.0,
                "wastedTime": 0.0
            }
        ]
    }
]