[
    {
        "actionName": "Action",
        "steps": [],
        "transactions": [
            {
                "transactionName": "TRXN01_SRL_Testing",
                "rawStartTime": 1570063912362,
                "rawEndTime": 1570063912661,
                "thinkTime": 0.0,
                "wastedTime": 0.0
            },
            {
                "transactionName": "TRXN01_SRL_Testing_2",
                "rawStartTime": 1570063913272,
                "rawEndTime": 1570063913709,
                "thinkTime": 0.0,
                "wastedTime": 0.0
            },
            {
                "transactionName": "TRXN01_SRL_Testing_3",
                "rawStartTime": 1570063914236,
                "rawEndTime": 1570063914531,
                "thinkTime": 0.0,
                "wastedTime": 0.0
            }
        ]
    }
]