[
    {
        "actionName": "Action",
        "steps": [],
        "transactions": [
            {
                "transactionName": "TRXN01_SRL_Testing",
                "rawStartTime": 1570064048831,
                "rawEndTime": 1570064049167,
                "thinkTime": 0.0,
                "wastedTime": 0.0
            },
            {
                "transactionName": "TRXN01_SRL_Testing_2",
                "rawStartTime": 1570064049897,
                "rawEndTime": 1570064050433,
                "thinkTime": 0.0,
                "wastedTime": 0.0
            },
            {
                "transactionName": "TRXN01_SRL_Testing_3",
                "rawStartTime": 1570064051060,
                "rawEndTime": 1570064051393,
                "thinkTime": 0.0,
                "wastedTime": 0.0
            }
        ]
    }
]