[
    {
        "actionName": "Action",
        "steps": [],
        "transactions": [
            {
                "transactionName": "TRXN01_SRL_Testing",
                "rawStartTime": 1570063298719,
                "rawEndTime": 1570063298970,
                "thinkTime": 0.0,
                "wastedTime": 0.0
            },
            {
                "transactionName": "TRXN01_SRL_Testing_2",
                "rawStartTime": 1570063300110,
                "rawEndTime": 1570063300515,
                "thinkTime": 0.0,
                "wastedTime": 0.0
            },
            {
                "transactionName": "TRXN01_SRL_Testing_3",
                "rawStartTime": 1570063301174,
                "rawEndTime": 1570063301561,
                "thinkTime": 0.0,
                "wastedTime": 0.0
            }
        ]
    }
]