[
    {
        "actionName": "Action",
        "steps": [],
        "transactions": [
            {
                "transactionName": "TRXN01_SRL_Testing",
                "rawStartTime": 1570063126363,
                "rawEndTime": 1570063126661,
                "thinkTime": 0.0,
                "wastedTime": 0.0
            },
            {
                "transactionName": "TRXN01_SRL_Testing_2",
                "rawStartTime": 1570063127350,
                "rawEndTime": 1570063127754,
                "thinkTime": 0.0,
                "wastedTime": 0.0
            },
            {
                "transactionName": "TRXN01_SRL_Testing_3",
                "rawStartTime": 1570063128412,
                "rawEndTime": 1570063128706,
                "thinkTime": 0.0,
                "wastedTime": 0.0
            }
        ]
    }
]