[
    {
        "actionName": "Action",
        "steps": [],
        "transactions": [
            {
                "transactionName": "TRXN01_SRL_Testing",
                "rawStartTime": 1570063598482,
                "rawEndTime": 1570063598750,
                "thinkTime": 0.0,
                "wastedTime": 0.0
            },
            {
                "transactionName": "TRXN01_SRL_Testing_2",
                "rawStartTime": 1570063599326,
                "rawEndTime": 1570063599769,
                "thinkTime": 0.0,
                "wastedTime": 0.0
            },
            {
                "transactionName": "TRXN01_SRL_Testing_3",
                "rawStartTime": 1570063600496,
                "rawEndTime": 1570063600776,
                "thinkTime": 0.0,
                "wastedTime": 0.0
            }
        ]
    }
]