[
    {
        "actionName": "Action",
        "steps": [],
        "transactions": [
            {
                "transactionName": "TRXN01_SRL_Testing",
                "rawStartTime": 1570063073348,
                "rawEndTime": 1570063073621,
                "thinkTime": 0.0,
                "wastedTime": 0.0
            },
            {
                "transactionName": "TRXN01_SRL_Testing_2",
                "rawStartTime": 1570063074297,
                "rawEndTime": 1570063074694,
                "thinkTime": 0.0,
                "wastedTime": 0.0
            },
            {
                "transactionName": "TRXN01_SRL_Testing_3",
                "rawStartTime": 1570063075449,
                "rawEndTime": 1570063075774,
                "thinkTime": 0.0,
                "wastedTime": 0.0
            }
        ]
    }
]