[
    {
        "actionName": "Action",
        "steps": [],
        "transactions": [
            {
                "transactionName": "TRXN01_SRL_Testing",
                "rawStartTime": 1570063982760,
                "rawEndTime": 1570063983144,
                "thinkTime": 0.0,
                "wastedTime": 0.0
            },
            {
                "transactionName": "TRXN01_SRL_Testing_2",
                "rawStartTime": 1570063983857,
                "rawEndTime": 1570063984175,
                "thinkTime": 0.0,
                "wastedTime": 0.0
            },
            {
                "transactionName": "TRXN01_SRL_Testing_3",
                "rawStartTime": 1570063985154,
                "rawEndTime": 1570063985474,
                "thinkTime": 0.0,
                "wastedTime": 0.0
            }
        ]
    }
]