[
    {
        "actionName": "Action",
        "steps": [],
        "transactions": [
            {
                "transactionName": "TRXN01_SRL_Testing",
                "rawStartTime": 1570063248752,
                "rawEndTime": 1570063249179,
                "thinkTime": 0.0,
                "wastedTime": 0.0
            },
            {
                "transactionName": "TRXN01_SRL_Testing_2",
                "rawStartTime": 1570063249922,
                "rawEndTime": 1570063250464,
                "thinkTime": 0.0,
                "wastedTime": 0.0
            },
            {
                "transactionName": "TRXN01_SRL_Testing_3",
                "rawStartTime": 1570063250998,
                "rawEndTime": 1570063251403,
                "thinkTime": 0.0,
                "wastedTime": 0.0
            }
        ]
    }
]