[
    {
        "actionName": "Action",
        "steps": [],
        "transactions": [
            {
                "transactionName": "TRXN01_SRL_Testing",
                "rawStartTime": 1570063344971,
                "rawEndTime": 1570063345321,
                "thinkTime": 0.0,
                "wastedTime": 0.0
            },
            {
                "transactionName": "TRXN01_SRL_Testing_2",
                "rawStartTime": 1570063346036,
                "rawEndTime": 1570063346300,
                "thinkTime": 0.0,
                "wastedTime": 0.0
            },
            {
                "transactionName": "TRXN01_SRL_Testing_3",
                "rawStartTime": 1570063346963,
                "rawEndTime": 1570063347313,
                "thinkTime": 0.0,
                "wastedTime": 0.0
            }
        ]
    }
]