[
    {
        "actionName": "Action",
        "steps": [],
        "transactions": [
            {
                "transactionName": "TRXN01_SRL_Testing",
                "rawStartTime": 1570063144009,
                "rawEndTime": 1570063144498,
                "thinkTime": 0.0,
                "wastedTime": 0.0
            },
            {
                "transactionName": "TRXN01_SRL_Testing_2",
                "rawStartTime": 1570063145758,
                "rawEndTime": 1570063146082,
                "thinkTime": 0.0,
                "wastedTime": 0.0
            },
            {
                "transactionName": "TRXN01_SRL_Testing_3",
                "rawStartTime": 1570063146784,
                "rawEndTime": 1570063147122,
                "thinkTime": 0.0,
                "wastedTime": 0.0
            }
        ]
    }
]