[
    {
        "actionName": "Action",
        "steps": [],
        "transactions": [
            {
                "transactionName": "TRXN01_SRL_Testing",
                "rawStartTime": 1570062858930,
                "rawEndTime": 1570062859248,
                "thinkTime": 0.0,
                "wastedTime": 0.0
            },
            {
                "transactionName": "TRXN01_SRL_Testing_2",
                "rawStartTime": 1570062860022,
                "rawEndTime": 1570062860343,
                "thinkTime": 0.0,
                "wastedTime": 0.0
            },
            {
                "transactionName": "TRXN01_SRL_Testing_3",
                "rawStartTime": 1570062860803,
                "rawEndTime": 1570062861367,
                "thinkTime": 0.0,
                "wastedTime": 0.0
            }
        ]
    }
]