[
    {
        "actionName": "Action",
        "steps": [],
        "transactions": [
            {
                "transactionName": "TRXN01_SRL_Testing",
                "rawStartTime": 1570063684240,
                "rawEndTime": 1570063684596,
                "thinkTime": 0.0,
                "wastedTime": 0.0
            },
            {
                "transactionName": "TRXN01_SRL_Testing_2",
                "rawStartTime": 1570063685580,
                "rawEndTime": 1570063686016,
                "thinkTime": 0.0,
                "wastedTime": 0.0
            },
            {
                "transactionName": "TRXN01_SRL_Testing_3",
                "rawStartTime": 1570063686582,
                "rawEndTime": 1570063686938,
                "thinkTime": 0.0,
                "wastedTime": 0.0
            }
        ]
    }
]