[
    {
        "actionName": "Action",
        "steps": [],
        "transactions": [
            {
                "transactionName": "TRXN01_SRL_Testing",
                "rawStartTime": 1570063641679,
                "rawEndTime": 1570063642223,
                "thinkTime": 0.0,
                "wastedTime": 0.0
            },
            {
                "transactionName": "TRXN01_SRL_Testing_2",
                "rawStartTime": 1570063642695,
                "rawEndTime": 1570063643150,
                "thinkTime": 0.0,
                "wastedTime": 0.0
            },
            {
                "transactionName": "TRXN01_SRL_Testing_3",
                "rawStartTime": 1570063643755,
                "rawEndTime": 1570063644139,
                "thinkTime": 0.0,
                "wastedTime": 0.0
            }
        ]
    }
]