[
    {
        "actionName": "Action",
        "steps": [],
        "transactions": [
            {
                "transactionName": "TRXN01_SRL_Testing",
                "rawStartTime": 1570064143606,
                "rawEndTime": 1570064144101,
                "thinkTime": 0.0,
                "wastedTime": 0.0
            },
            {
                "transactionName": "TRXN01_SRL_Testing_2",
                "rawStartTime": 1570064144759,
                "rawEndTime": 1570064145162,
                "thinkTime": 0.0,
                "wastedTime": 0.0
            },
            {
                "transactionName": "TRXN01_SRL_Testing_3",
                "rawStartTime": 1570064146045,
                "rawEndTime": 1570064146452,
                "thinkTime": 0.0,
                "wastedTime": 0.0
            }
        ]
    }
]