[
    {
        "actionName": "Action",
        "steps": [],
        "transactions": [
            {
                "transactionName": "TRXN01_SRL_Testing",
                "rawStartTime": 1570063227959,
                "rawEndTime": 1570063228262,
                "thinkTime": 0.0,
                "wastedTime": 0.0
            },
            {
                "transactionName": "TRXN01_SRL_Testing_2",
                "rawStartTime": 1570063228761,
                "rawEndTime": 1570063229330,
                "thinkTime": 0.0,
                "wastedTime": 0.0
            },
            {
                "transactionName": "TRXN01_SRL_Testing_3",
                "rawStartTime": 1570063230448,
                "rawEndTime": 1570063230841,
                "thinkTime": 0.0,
                "wastedTime": 0.0
            }
        ]
    }
]