[
    {
        "actionName": "Action",
        "steps": [],
        "transactions": [
            {
                "transactionName": "TRXN01_SRL_Testing",
                "rawStartTime": 1570063697324,
                "rawEndTime": 1570063697880,
                "thinkTime": 0.0,
                "wastedTime": 0.0
            },
            {
                "transactionName": "TRXN01_SRL_Testing_2",
                "rawStartTime": 1570063698464,
                "rawEndTime": 1570063698835,
                "thinkTime": 0.0,
                "wastedTime": 0.0
            },
            {
                "transactionName": "TRXN01_SRL_Testing_3",
                "rawStartTime": 1570063699412,
                "rawEndTime": 1570063699920,
                "thinkTime": 0.0,
                "wastedTime": 0.0
            }
        ]
    }
]