[
    {
        "actionName": "Action",
        "steps": [],
        "transactions": [
            {
                "transactionName": "TRXN01_SRL_Testing",
                "rawStartTime": 1570063459236,
                "rawEndTime": 1570063459689,
                "thinkTime": 0.0,
                "wastedTime": 0.0
            },
            {
                "transactionName": "TRXN01_SRL_Testing_2",
                "rawStartTime": 1570063460352,
                "rawEndTime": 1570063460876,
                "thinkTime": 0.0,
                "wastedTime": 0.0
            },
            {
                "transactionName": "TRXN01_SRL_Testing_3",
                "rawStartTime": 1570063461416,
                "rawEndTime": 1570063461912,
                "thinkTime": 0.0,
                "wastedTime": 0.0
            }
        ]
    }
]