[
    {
        "actionName": "Action",
        "steps": [],
        "transactions": [
            {
                "transactionName": "TRXN01_SRL_Testing",
                "rawStartTime": 1570063484207,
                "rawEndTime": 1570063484507,
                "thinkTime": 0.0,
                "wastedTime": 0.0
            },
            {
                "transactionName": "TRXN01_SRL_Testing_2",
                "rawStartTime": 1570063485874,
                "rawEndTime": 1570063486161,
                "thinkTime": 0.0,
                "wastedTime": 0.0
            },
            {
                "transactionName": "TRXN01_SRL_Testing_3",
                "rawStartTime": 1570063486670,
                "rawEndTime": 1570063487123,
                "thinkTime": 0.0,
                "wastedTime": 0.0
            }
        ]
    }
]