[
    {
        "actionName": "Action",
        "steps": [],
        "transactions": [
            {
                "transactionName": "TRXN01_SRL_Testing",
                "rawStartTime": 1570063420806,
                "rawEndTime": 1570063421164,
                "thinkTime": 0.0,
                "wastedTime": 0.0
            },
            {
                "transactionName": "TRXN01_SRL_Testing_2",
                "rawStartTime": 1570063421693,
                "rawEndTime": 1570063422064,
                "thinkTime": 0.0,
                "wastedTime": 0.0
            },
            {
                "transactionName": "TRXN01_SRL_Testing_3",
                "rawStartTime": 1570063422646,
                "rawEndTime": 1570063422948,
                "thinkTime": 0.0,
                "wastedTime": 0.0
            }
        ]
    }
]