[
    {
        "actionName": "Action",
        "steps": [],
        "transactions": [
            {
                "transactionName": "TRXN01_SRL_Testing",
                "rawStartTime": 1570063395528,
                "rawEndTime": 1570063395943,
                "thinkTime": 0.0,
                "wastedTime": 0.0
            },
            {
                "transactionName": "TRXN01_SRL_Testing_2",
                "rawStartTime": 1570063396504,
                "rawEndTime": 1570063396865,
                "thinkTime": 0.0,
                "wastedTime": 0.0
            },
            {
                "transactionName": "TRXN01_SRL_Testing_3",
                "rawStartTime": 1570063397408,
                "rawEndTime": 1570063397930,
                "thinkTime": 0.0,
                "wastedTime": 0.0
            }
        ]
    }
]