[
    {
        "actionName": "Action",
        "steps": [],
        "transactions": [
            {
                "transactionName": "TRXN01_SRL_Testing",
                "rawStartTime": 1570063770750,
                "rawEndTime": 1570063771266,
                "thinkTime": 0.0,
                "wastedTime": 0.0
            },
            {
                "transactionName": "TRXN01_SRL_Testing_2",
                "rawStartTime": 1570063771879,
                "rawEndTime": 1570063772238,
                "thinkTime": 0.0,
                "wastedTime": 0.0
            },
            {
                "transactionName": "TRXN01_SRL_Testing_3",
                "rawStartTime": 1570063772688,
                "rawEndTime": 1570063773272,
                "thinkTime": 0.0,
                "wastedTime": 0.0
            }
        ]
    }
]