[
    {
        "actionName": "Action",
        "steps": [],
        "transactions": [
            {
                "transactionName": "TRXN01_SRL_Testing",
                "rawStartTime": 1570062846045,
                "rawEndTime": 1570062846462,
                "thinkTime": 0.0,
                "wastedTime": 0.0
            },
            {
                "transactionName": "TRXN01_SRL_Testing_2",
                "rawStartTime": 1570062846938,
                "rawEndTime": 1570062847244,
                "thinkTime": 0.0,
                "wastedTime": 0.0
            },
            {
                "transactionName": "TRXN01_SRL_Testing_3",
                "rawStartTime": 1570062847925,
                "rawEndTime": 1570062848174,
                "thinkTime": 0.0,
                "wastedTime": 0.0
            }
        ]
    }
]