[
    {
        "actionName": "Action",
        "steps": [],
        "transactions": [
            {
                "transactionName": "TRXN01_SRL_Testing",
                "rawStartTime": 1570062938853,
                "rawEndTime": 1570062939157,
                "thinkTime": 0.0,
                "wastedTime": 0.0
            },
            {
                "transactionName": "TRXN01_SRL_Testing_2",
                "rawStartTime": 1570062940012,
                "rawEndTime": 1570062940370,
                "thinkTime": 0.0,
                "wastedTime": 0.0
            },
            {
                "transactionName": "TRXN01_SRL_Testing_3",
                "rawStartTime": 1570062941061,
                "rawEndTime": 1570062941327,
                "thinkTime": 0.0,
                "wastedTime": 0.0
            }
        ]
    }
]