[
    {
        "actionName": "Action",
        "steps": [],
        "transactions": [
            {
                "transactionName": "TRXN01_SRL_Testing",
                "rawStartTime": 1570063408411,
                "rawEndTime": 1570063408895,
                "thinkTime": 0.0,
                "wastedTime": 0.0
            },
            {
                "transactionName": "TRXN01_SRL_Testing_2",
                "rawStartTime": 1570063409422,
                "rawEndTime": 1570063410038,
                "thinkTime": 0.0,
                "wastedTime": 0.0
            },
            {
                "transactionName": "TRXN01_SRL_Testing_3",
                "rawStartTime": 1570063411173,
                "rawEndTime": 1570063411495,
                "thinkTime": 0.0,
                "wastedTime": 0.0
            }
        ]
    }
]