[
    {
        "actionName": "Action",
        "steps": [],
        "transactions": [
            {
                "transactionName": "TRXN01_SRL_Testing",
                "rawStartTime": 1570062999977,
                "rawEndTime": 1570063000577,
                "thinkTime": 0.0,
                "wastedTime": 0.0
            },
            {
                "transactionName": "TRXN01_SRL_Testing_2",
                "rawStartTime": 1570063001204,
                "rawEndTime": 1570063001593,
                "thinkTime": 0.0,
                "wastedTime": 0.0
            },
            {
                "transactionName": "TRXN01_SRL_Testing_3",
                "rawStartTime": 1570063002192,
                "rawEndTime": 1570063002563,
                "thinkTime": 0.0,
                "wastedTime": 0.0
            }
        ]
    }
]