[
    {
        "actionName": "Action",
        "steps": [],
        "transactions": [
            {
                "transactionName": "TRXN01_SRL_Testing",
                "rawStartTime": 1570063013070,
                "rawEndTime": 1570063013325,
                "thinkTime": 0.0,
                "wastedTime": 0.0
            },
            {
                "transactionName": "TRXN01_SRL_Testing_2",
                "rawStartTime": 1570063013858,
                "rawEndTime": 1570063014208,
                "thinkTime": 0.0,
                "wastedTime": 0.0
            },
            {
                "transactionName": "TRXN01_SRL_Testing_3",
                "rawStartTime": 1570063014976,
                "rawEndTime": 1570063015337,
                "thinkTime": 0.0,
                "wastedTime": 0.0
            }
        ]
    }
]