[
    {
        "actionName": "Action",
        "steps": [],
        "transactions": [
            {
                "transactionName": "TRXN01_SRL_Testing",
                "rawStartTime": 1570063658136,
                "rawEndTime": 1570063658486,
                "thinkTime": 0.0,
                "wastedTime": 0.0
            },
            {
                "transactionName": "TRXN01_SRL_Testing_2",
                "rawStartTime": 1570063658969,
                "rawEndTime": 1570063659285,
                "thinkTime": 0.0,
                "wastedTime": 0.0
            },
            {
                "transactionName": "TRXN01_SRL_Testing_3",
                "rawStartTime": 1570063659961,
                "rawEndTime": 1570063660373,
                "thinkTime": 0.0,
                "wastedTime": 0.0
            }
        ]
    }
]