[
    {
        "actionName": "Action",
        "steps": [],
        "transactions": [
            {
                "transactionName": "TRXN01_SRL_Testing",
                "rawStartTime": 1570064125597,
                "rawEndTime": 1570064125888,
                "thinkTime": 0.0,
                "wastedTime": 0.0
            },
            {
                "transactionName": "TRXN01_SRL_Testing_2",
                "rawStartTime": 1570064126554,
                "rawEndTime": 1570064126978,
                "thinkTime": 0.0,
                "wastedTime": 0.0
            },
            {
                "transactionName": "TRXN01_SRL_Testing_3",
                "rawStartTime": 1570064127658,
                "rawEndTime": 1570064128164,
                "thinkTime": 0.0,
                "wastedTime": 0.0
            }
        ]
    }
]