[
    {
        "actionName": "Action",
        "steps": [],
        "transactions": [
            {
                "transactionName": "TRXN01_SRL_Testing",
                "rawStartTime": 1570063252862,
                "rawEndTime": 1570063253188,
                "thinkTime": 0.0,
                "wastedTime": 0.0
            },
            {
                "transactionName": "TRXN01_SRL_Testing_2",
                "rawStartTime": 1570063253980,
                "rawEndTime": 1570063254243,
                "thinkTime": 0.0,
                "wastedTime": 0.0
            },
            {
                "transactionName": "TRXN01_SRL_Testing_3",
                "rawStartTime": 1570063255222,
                "rawEndTime": 1570063255637,
                "thinkTime": 0.0,
                "wastedTime": 0.0
            }
        ]
    }
]