[
    {
        "actionName": "Action",
        "steps": [],
        "transactions": [
            {
                "transactionName": "TRXN01_SRL_Testing",
                "rawStartTime": 1570063417159,
                "rawEndTime": 1570063417526,
                "thinkTime": 0.0,
                "wastedTime": 0.0
            },
            {
                "transactionName": "TRXN01_SRL_Testing_2",
                "rawStartTime": 1570063418035,
                "rawEndTime": 1570063418373,
                "thinkTime": 0.0,
                "wastedTime": 0.0
            },
            {
                "transactionName": "TRXN01_SRL_Testing_3",
                "rawStartTime": 1570063418874,
                "rawEndTime": 1570063419195,
                "thinkTime": 0.0,
                "wastedTime": 0.0
            }
        ]
    }
]