[
    {
        "actionName": "Action",
        "steps": [],
        "transactions": [
            {
                "transactionName": "TRXN01_SRL_Testing",
                "rawStartTime": 1570063467460,
                "rawEndTime": 1570063467777,
                "thinkTime": 0.0,
                "wastedTime": 0.0
            },
            {
                "transactionName": "TRXN01_SRL_Testing_2",
                "rawStartTime": 1570063468374,
                "rawEndTime": 1570063468667,
                "thinkTime": 0.0,
                "wastedTime": 0.0
            },
            {
                "transactionName": "TRXN01_SRL_Testing_3",
                "rawStartTime": 1570063469252,
                "rawEndTime": 1570063469699,
                "thinkTime": 0.0,
                "wastedTime": 0.0
            }
        ]
    }
]