[
    {
        "actionName": "Action",
        "steps": [],
        "transactions": [
            {
                "transactionName": "TRXN01_SRL_Testing",
                "rawStartTime": 1570064031558,
                "rawEndTime": 1570064031885,
                "thinkTime": 0.0,
                "wastedTime": 0.0
            },
            {
                "transactionName": "TRXN01_SRL_Testing_2",
                "rawStartTime": 1570064032521,
                "rawEndTime": 1570064032944,
                "thinkTime": 0.0,
                "wastedTime": 0.0
            },
            {
                "transactionName": "TRXN01_SRL_Testing_3",
                "rawStartTime": 1570064033597,
                "rawEndTime": 1570064034020,
                "thinkTime": 0.0,
                "wastedTime": 0.0
            }
        ]
    }
]