[
    {
        "actionName": "Action",
        "steps": [],
        "transactions": [
            {
                "transactionName": "TRXN01_SRL_Testing",
                "rawStartTime": 1570064057716,
                "rawEndTime": 1570064058134,
                "thinkTime": 0.0,
                "wastedTime": 0.0
            },
            {
                "transactionName": "TRXN01_SRL_Testing_2",
                "rawStartTime": 1570064058718,
                "rawEndTime": 1570064059016,
                "thinkTime": 0.0,
                "wastedTime": 0.0
            },
            {
                "transactionName": "TRXN01_SRL_Testing_3",
                "rawStartTime": 1570064059714,
                "rawEndTime": 1570064060164,
                "thinkTime": 0.0,
                "wastedTime": 0.0
            }
        ]
    }
]