[
    {
        "actionName": "Action",
        "steps": [],
        "transactions": [
            {
                "transactionName": "TRXN01_SRL_Testing",
                "rawStartTime": 1570063722163,
                "rawEndTime": 1570063722473,
                "thinkTime": 0.0,
                "wastedTime": 0.0
            },
            {
                "transactionName": "TRXN01_SRL_Testing_2",
                "rawStartTime": 1570063723112,
                "rawEndTime": 1570063723503,
                "thinkTime": 0.0,
                "wastedTime": 0.0
            },
            {
                "transactionName": "TRXN01_SRL_Testing_3",
                "rawStartTime": 1570063724236,
                "rawEndTime": 1570063724721,
                "thinkTime": 0.0,
                "wastedTime": 0.0
            }
        ]
    }
]