[
    {
        "actionName": "Action",
        "steps": [],
        "transactions": [
            {
                "transactionName": "TRXN01_SRL_Testing",
                "rawStartTime": 1570063564834,
                "rawEndTime": 1570063565315,
                "thinkTime": 0.0,
                "wastedTime": 0.0
            },
            {
                "transactionName": "TRXN01_SRL_Testing_2",
                "rawStartTime": 1570063566145,
                "rawEndTime": 1570063566450,
                "thinkTime": 0.0,
                "wastedTime": 0.0
            },
            {
                "transactionName": "TRXN01_SRL_Testing_3",
                "rawStartTime": 1570063567310,
                "rawEndTime": 1570063567655,
                "thinkTime": 0.0,
                "wastedTime": 0.0
            }
        ]
    }
]