[
    {
        "actionName": "Action",
        "steps": [],
        "transactions": [
            {
                "transactionName": "TRXN01_SRL_Testing",
                "rawStartTime": 1570063113030,
                "rawEndTime": 1570063113444,
                "thinkTime": 0.0,
                "wastedTime": 0.0
            },
            {
                "transactionName": "TRXN01_SRL_Testing_2",
                "rawStartTime": 1570063114095,
                "rawEndTime": 1570063114358,
                "thinkTime": 0.0,
                "wastedTime": 0.0
            },
            {
                "transactionName": "TRXN01_SRL_Testing_3",
                "rawStartTime": 1570063115348,
                "rawEndTime": 1570063115698,
                "thinkTime": 0.0,
                "wastedTime": 0.0
            }
        ]
    }
]