[
    {
        "actionName": "Action",
        "steps": [],
        "transactions": [
            {
                "transactionName": "TRXN01_SRL_Testing",
                "rawStartTime": 1570063916671,
                "rawEndTime": 1570063916948,
                "thinkTime": 0.0,
                "wastedTime": 0.0
            },
            {
                "transactionName": "TRXN01_SRL_Testing_2",
                "rawStartTime": 1570063917690,
                "rawEndTime": 1570063918006,
                "thinkTime": 0.0,
                "wastedTime": 0.0
            },
            {
                "transactionName": "TRXN01_SRL_Testing_3",
                "rawStartTime": 1570063918571,
                "rawEndTime": 1570063919085,
                "thinkTime": 0.0,
                "wastedTime": 0.0
            }
        ]
    }
]