[
    {
        "actionName": "Action",
        "steps": [],
        "transactions": [
            {
                "transactionName": "TRXN01_SRL_Testing",
                "rawStartTime": 1570063424577,
                "rawEndTime": 1570063425439,
                "thinkTime": 0.0,
                "wastedTime": 0.0
            },
            {
                "transactionName": "TRXN01_SRL_Testing_2",
                "rawStartTime": 1570063425977,
                "rawEndTime": 1570063426299,
                "thinkTime": 0.0,
                "wastedTime": 0.0
            },
            {
                "transactionName": "TRXN01_SRL_Testing_3",
                "rawStartTime": 1570063426916,
                "rawEndTime": 1570063427247,
                "thinkTime": 0.0,
                "wastedTime": 0.0
            }
        ]
    }
]