[
    {
        "actionName": "Action",
        "steps": [],
        "transactions": [
            {
                "transactionName": "TRXN01_SRL_Testing",
                "rawStartTime": 1570062988876,
                "rawEndTime": 1570062989798,
                "thinkTime": 0.0,
                "wastedTime": 0.0
            },
            {
                "transactionName": "TRXN01_SRL_Testing_2",
                "rawStartTime": 1570062991863,
                "rawEndTime": 1570062992175,
                "thinkTime": 0.0,
                "wastedTime": 0.0
            },
            {
                "transactionName": "TRXN01_SRL_Testing_3",
                "rawStartTime": 1570062993182,
                "rawEndTime": 1570062993795,
                "thinkTime": 0.0,
                "wastedTime": 0.0
            }
        ]
    }
]