[
    {
        "actionName": "Action",
        "steps": [],
        "transactions": [
            {
                "transactionName": "TRXN01_SRL_Testing",
                "rawStartTime": 1570064022286,
                "rawEndTime": 1570064022760,
                "thinkTime": 0.0,
                "wastedTime": 0.0
            },
            {
                "transactionName": "TRXN01_SRL_Testing_2",
                "rawStartTime": 1570064023445,
                "rawEndTime": 1570064023946,
                "thinkTime": 0.0,
                "wastedTime": 0.0
            },
            {
                "transactionName": "TRXN01_SRL_Testing_3",
                "rawStartTime": 1570064024833,
                "rawEndTime": 1570064025385,
                "thinkTime": 0.0,
                "wastedTime": 0.0
            }
        ]
    }
]