[
    {
        "actionName": "Action",
        "steps": [],
        "transactions": [
            {
                "transactionName": "TRXN01_SRL_Testing",
                "rawStartTime": 1570063191991,
                "rawEndTime": 1570063192261,
                "thinkTime": 0.0,
                "wastedTime": 0.0
            },
            {
                "transactionName": "TRXN01_SRL_Testing_2",
                "rawStartTime": 1570063192796,
                "rawEndTime": 1570063193122,
                "thinkTime": 0.0,
                "wastedTime": 0.0
            },
            {
                "transactionName": "TRXN01_SRL_Testing_3",
                "rawStartTime": 1570063193705,
                "rawEndTime": 1570063194108,
                "thinkTime": 0.0,
                "wastedTime": 0.0
            }
        ]
    }
]