[
    {
        "actionName": "Action",
        "steps": [],
        "transactions": [
            {
                "transactionName": "TRXN01_SRL_Testing",
                "rawStartTime": 1570063701693,
                "rawEndTime": 1570063702004,
                "thinkTime": 0.0,
                "wastedTime": 0.0
            },
            {
                "transactionName": "TRXN01_SRL_Testing_2",
                "rawStartTime": 1570063702537,
                "rawEndTime": 1570063702827,
                "thinkTime": 0.0,
                "wastedTime": 0.0
            },
            {
                "transactionName": "TRXN01_SRL_Testing_3",
                "rawStartTime": 1570063703312,
                "rawEndTime": 1570063703678,
                "thinkTime": 0.0,
                "wastedTime": 0.0
            }
        ]
    }
]