[
    {
        "actionName": "Action",
        "steps": [],
        "transactions": [
            {
                "transactionName": "TRXN01_SRL_Testing",
                "rawStartTime": 1570062889214,
                "rawEndTime": 1570062889597,
                "thinkTime": 0.0,
                "wastedTime": 0.0
            },
            {
                "transactionName": "TRXN01_SRL_Testing_2",
                "rawStartTime": 1570062890443,
                "rawEndTime": 1570062890814,
                "thinkTime": 0.0,
                "wastedTime": 0.0
            },
            {
                "transactionName": "TRXN01_SRL_Testing_3",
                "rawStartTime": 1570062891444,
                "rawEndTime": 1570062891843,
                "thinkTime": 0.0,
                "wastedTime": 0.0
            }
        ]
    }
]