[
    {
        "actionName": "Action",
        "steps": [],
        "transactions": [
            {
                "transactionName": "TRXN01_SRL_Testing",
                "rawStartTime": 1570063582123,
                "rawEndTime": 1570063582409,
                "thinkTime": 0.0,
                "wastedTime": 0.0
            },
            {
                "transactionName": "TRXN01_SRL_Testing_2",
                "rawStartTime": 1570063583008,
                "rawEndTime": 1570063583340,
                "thinkTime": 0.0,
                "wastedTime": 0.0
            },
            {
                "transactionName": "TRXN01_SRL_Testing_3",
                "rawStartTime": 1570063583939,
                "rawEndTime": 1570063584219,
                "thinkTime": 0.0,
                "wastedTime": 0.0
            }
        ]
    }
]