[
    {
        "actionName": "Action",
        "steps": [],
        "transactions": [
            {
                "transactionName": "TRXN01_SRL_Testing",
                "rawStartTime": 1570063391168,
                "rawEndTime": 1570063391491,
                "thinkTime": 0.0,
                "wastedTime": 0.0
            },
            {
                "transactionName": "TRXN01_SRL_Testing_2",
                "rawStartTime": 1570063392101,
                "rawEndTime": 1570063392512,
                "thinkTime": 0.0,
                "wastedTime": 0.0
            },
            {
                "transactionName": "TRXN01_SRL_Testing_3",
                "rawStartTime": 1570063393184,
                "rawEndTime": 1570063393486,
                "thinkTime": 0.0,
                "wastedTime": 0.0
            }
        ]
    }
]