[
    {
        "actionName": "Action",
        "steps": [],
        "transactions": [
            {
                "transactionName": "TRXN01_SRL_Testing",
                "rawStartTime": 1570062796401,
                "rawEndTime": 1570062796669,
                "thinkTime": 0.0,
                "wastedTime": 0.0
            },
            {
                "transactionName": "TRXN01_SRL_Testing_2",
                "rawStartTime": 1570062797409,
                "rawEndTime": 1570062797698,
                "thinkTime": 0.0,
                "wastedTime": 0.0
            },
            {
                "transactionName": "TRXN01_SRL_Testing_3",
                "rawStartTime": 1570062798272,
                "rawEndTime": 1570062798678,
                "thinkTime": 0.0,
                "wastedTime": 0.0
            }
        ]
    }
]