[
    {
        "actionName": "Action",
        "steps": [],
        "transactions": [
            {
                "transactionName": "TRXN01_SRL_Testing",
                "rawStartTime": 1570063206122,
                "rawEndTime": 1570063206426,
                "thinkTime": 0.0,
                "wastedTime": 0.0
            },
            {
                "transactionName": "TRXN01_SRL_Testing_2",
                "rawStartTime": 1570063206973,
                "rawEndTime": 1570063207336,
                "thinkTime": 0.0,
                "wastedTime": 0.0
            },
            {
                "transactionName": "TRXN01_SRL_Testing_3",
                "rawStartTime": 1570063207953,
                "rawEndTime": 1570063208383,
                "thinkTime": 0.0,
                "wastedTime": 0.0
            }
        ]
    }
]