[
    {
        "actionName": "Action",
        "steps": [],
        "transactions": [
            {
                "transactionName": "TRXN01_SRL_Testing",
                "rawStartTime": 1570062942797,
                "rawEndTime": 1570062943187,
                "thinkTime": 0.0,
                "wastedTime": 0.0
            },
            {
                "transactionName": "TRXN01_SRL_Testing_2",
                "rawStartTime": 1570062943841,
                "rawEndTime": 1570062944126,
                "thinkTime": 0.0,
                "wastedTime": 0.0
            },
            {
                "transactionName": "TRXN01_SRL_Testing_3",
                "rawStartTime": 1570062945337,
                "rawEndTime": 1570062945730,
                "thinkTime": 0.0,
                "wastedTime": 0.0
            }
        ]
    }
]