[
    {
        "actionName": "Action",
        "steps": [],
        "transactions": [
            {
                "transactionName": "TRXN01_SRL_Testing",
                "rawStartTime": 1570064013662,
                "rawEndTime": 1570064013956,
                "thinkTime": 0.0,
                "wastedTime": 0.0
            },
            {
                "transactionName": "TRXN01_SRL_Testing_2",
                "rawStartTime": 1570064014740,
                "rawEndTime": 1570064015342,
                "thinkTime": 0.0,
                "wastedTime": 0.0
            },
            {
                "transactionName": "TRXN01_SRL_Testing_3",
                "rawStartTime": 1570064016014,
                "rawEndTime": 1570064016368,
                "thinkTime": 0.0,
                "wastedTime": 0.0
            }
        ]
    }
]