[
    {
        "actionName": "Action",
        "steps": [],
        "transactions": [
            {
                "transactionName": "TRXN01_SRL_Testing",
                "rawStartTime": 1570064070368,
                "rawEndTime": 1570064070901,
                "thinkTime": 0.0,
                "wastedTime": 0.0
            },
            {
                "transactionName": "TRXN01_SRL_Testing_2",
                "rawStartTime": 1570064071445,
                "rawEndTime": 1570064071799,
                "thinkTime": 0.0,
                "wastedTime": 0.0
            },
            {
                "transactionName": "TRXN01_SRL_Testing_3",
                "rawStartTime": 1570064072345,
                "rawEndTime": 1570064072731,
                "thinkTime": 0.0,
                "wastedTime": 0.0
            }
        ]
    }
]