[
    {
        "actionName": "Action",
        "steps": [],
        "transactions": [
            {
                "transactionName": "TRXN01_SRL_Testing",
                "rawStartTime": 1570064162061,
                "rawEndTime": 1570064162344,
                "thinkTime": 0.0,
                "wastedTime": 0.0
            },
            {
                "transactionName": "TRXN01_SRL_Testing_2",
                "rawStartTime": 1570064162828,
                "rawEndTime": 1570064163316,
                "thinkTime": 0.0,
                "wastedTime": 0.0
            },
            {
                "transactionName": "TRXN01_SRL_Testing_3",
                "rawStartTime": 1570064163925,
                "rawEndTime": 1570064164290,
                "thinkTime": 0.0,
                "wastedTime": 0.0
            }
        ]
    }
]