[
    {
        "actionName": "Action",
        "steps": [],
        "transactions": [
            {
                "transactionName": "TRXN01_SRL_Testing",
                "rawStartTime": 1570063148675,
                "rawEndTime": 1570063148990,
                "thinkTime": 0.0,
                "wastedTime": 0.0
            },
            {
                "transactionName": "TRXN01_SRL_Testing_2",
                "rawStartTime": 1570063149844,
                "rawEndTime": 1570063150256,
                "thinkTime": 0.0,
                "wastedTime": 0.0
            },
            {
                "transactionName": "TRXN01_SRL_Testing_3",
                "rawStartTime": 1570063150981,
                "rawEndTime": 1570063151282,
                "thinkTime": 0.0,
                "wastedTime": 0.0
            }
        ]
    }
]