[
    {
        "actionName": "Action",
        "steps": [],
        "transactions": [
            {
                "transactionName": "TRXN01_SRL_Testing",
                "rawStartTime": 1570063895577,
                "rawEndTime": 1570063896014,
                "thinkTime": 0.0,
                "wastedTime": 0.0
            },
            {
                "transactionName": "TRXN01_SRL_Testing_2",
                "rawStartTime": 1570063896531,
                "rawEndTime": 1570063897004,
                "thinkTime": 0.0,
                "wastedTime": 0.0
            },
            {
                "transactionName": "TRXN01_SRL_Testing_3",
                "rawStartTime": 1570063897729,
                "rawEndTime": 1570063898158,
                "thinkTime": 0.0,
                "wastedTime": 0.0
            }
        ]
    }
]