[
    {
        "actionName": "Action",
        "steps": [],
        "transactions": [
            {
                "transactionName": "TRXN01_SRL_Testing",
                "rawStartTime": 1570063294513,
                "rawEndTime": 1570063295209,
                "thinkTime": 0.0,
                "wastedTime": 0.0
            },
            {
                "transactionName": "TRXN01_SRL_Testing_2",
                "rawStartTime": 1570063295870,
                "rawEndTime": 1570063296220,
                "thinkTime": 0.0,
                "wastedTime": 0.0
            },
            {
                "transactionName": "TRXN01_SRL_Testing_3",
                "rawStartTime": 1570063296898,
                "rawEndTime": 1570063297317,
                "thinkTime": 0.0,
                "wastedTime": 0.0
            }
        ]
    }
]