[
    {
        "actionName": "Action",
        "steps": [],
        "transactions": [
            {
                "transactionName": "TRXN01_SRL_Testing",
                "rawStartTime": 1570063244348,
                "rawEndTime": 1570063244756,
                "thinkTime": 0.0,
                "wastedTime": 0.0
            },
            {
                "transactionName": "TRXN01_SRL_Testing_2",
                "rawStartTime": 1570063246005,
                "rawEndTime": 1570063246268,
                "thinkTime": 0.0,
                "wastedTime": 0.0
            },
            {
                "transactionName": "TRXN01_SRL_Testing_3",
                "rawStartTime": 1570063246886,
                "rawEndTime": 1570063247217,
                "thinkTime": 0.0,
                "wastedTime": 0.0
            }
        ]
    }
]