[
    {
        "actionName": "Action",
        "steps": [],
        "transactions": [
            {
                "transactionName": "TRXN01_SRL_Testing",
                "rawStartTime": 1570063528909,
                "rawEndTime": 1570063529268,
                "thinkTime": 0.0,
                "wastedTime": 0.0
            },
            {
                "transactionName": "TRXN01_SRL_Testing_2",
                "rawStartTime": 1570063530457,
                "rawEndTime": 1570063530754,
                "thinkTime": 0.0,
                "wastedTime": 0.0
            },
            {
                "transactionName": "TRXN01_SRL_Testing_3",
                "rawStartTime": 1570063531640,
                "rawEndTime": 1570063532558,
                "thinkTime": 0.0,
                "wastedTime": 0.0
            }
        ]
    }
]