[
    {
        "actionName": "Action",
        "steps": [],
        "transactions": [
            {
                "transactionName": "TRXN01_SRL_Testing",
                "rawStartTime": 1570064102770,
                "rawEndTime": 1570064103230,
                "thinkTime": 0.0,
                "wastedTime": 0.0
            },
            {
                "transactionName": "TRXN01_SRL_Testing_2",
                "rawStartTime": 1570064103896,
                "rawEndTime": 1570064104217,
                "thinkTime": 0.0,
                "wastedTime": 0.0
            },
            {
                "transactionName": "TRXN01_SRL_Testing_3",
                "rawStartTime": 1570064105282,
                "rawEndTime": 1570064105601,
                "thinkTime": 0.0,
                "wastedTime": 0.0
            }
        ]
    }
]