[
    {
        "actionName": "Action",
        "steps": [],
        "transactions": [
            {
                "transactionName": "TRXN01_SRL_Testing",
                "rawStartTime": 1570063319143,
                "rawEndTime": 1570063319639,
                "thinkTime": 0.0,
                "wastedTime": 0.0
            },
            {
                "transactionName": "TRXN01_SRL_Testing_2",
                "rawStartTime": 1570063321113,
                "rawEndTime": 1570063321427,
                "thinkTime": 0.0,
                "wastedTime": 0.0
            },
            {
                "transactionName": "TRXN01_SRL_Testing_3",
                "rawStartTime": 1570063321976,
                "rawEndTime": 1570063322239,
                "thinkTime": 0.0,
                "wastedTime": 0.0
            }
        ]
    }
]