[
    {
        "actionName": "Action",
        "steps": [],
        "transactions": [
            {
                "transactionName": "TRXN01_SRL_Testing",
                "rawStartTime": 1570063336546,
                "rawEndTime": 1570063336830,
                "thinkTime": 0.0,
                "wastedTime": 0.0
            },
            {
                "transactionName": "TRXN01_SRL_Testing_2",
                "rawStartTime": 1570063337719,
                "rawEndTime": 1570063337984,
                "thinkTime": 0.0,
                "wastedTime": 0.0
            },
            {
                "transactionName": "TRXN01_SRL_Testing_3",
                "rawStartTime": 1570063338507,
                "rawEndTime": 1570063338865,
                "thinkTime": 0.0,
                "wastedTime": 0.0
            }
        ]
    }
]