[
    {
        "actionName": "Action",
        "steps": [],
        "transactions": [
            {
                "transactionName": "TRXN01_SRL_Testing",
                "rawStartTime": 1570063382792,
                "rawEndTime": 1570063383138,
                "thinkTime": 0.0,
                "wastedTime": 0.0
            },
            {
                "transactionName": "TRXN01_SRL_Testing_2",
                "rawStartTime": 1570063383668,
                "rawEndTime": 1570063383939,
                "thinkTime": 0.0,
                "wastedTime": 0.0
            },
            {
                "transactionName": "TRXN01_SRL_Testing_3",
                "rawStartTime": 1570063384699,
                "rawEndTime": 1570063385169,
                "thinkTime": 0.0,
                "wastedTime": 0.0
            }
        ]
    }
]