[
    {
        "actionName": "Action",
        "steps": [],
        "transactions": [
            {
                "transactionName": "TRXN01_SRL_Testing",
                "rawStartTime": 1570064035756,
                "rawEndTime": 1570064036198,
                "thinkTime": 0.0,
                "wastedTime": 0.0
            },
            {
                "transactionName": "TRXN01_SRL_Testing_2",
                "rawStartTime": 1570064036706,
                "rawEndTime": 1570064037011,
                "thinkTime": 0.0,
                "wastedTime": 0.0
            },
            {
                "transactionName": "TRXN01_SRL_Testing_3",
                "rawStartTime": 1570064037724,
                "rawEndTime": 1570064038017,
                "thinkTime": 0.0,
                "wastedTime": 0.0
            }
        ]
    }
]