[
    {
        "actionName": "Action",
        "steps": [],
        "transactions": [
            {
                "transactionName": "TRXN01_SRL_Testing",
                "rawStartTime": 1570063086067,
                "rawEndTime": 1570063086441,
                "thinkTime": 0.0,
                "wastedTime": 0.0
            },
            {
                "transactionName": "TRXN01_SRL_Testing_2",
                "rawStartTime": 1570063087304,
                "rawEndTime": 1570063087586,
                "thinkTime": 0.0,
                "wastedTime": 0.0
            },
            {
                "transactionName": "TRXN01_SRL_Testing_3",
                "rawStartTime": 1570063088260,
                "rawEndTime": 1570063088685,
                "thinkTime": 0.0,
                "wastedTime": 0.0
            }
        ]
    }
]