[
    {
        "actionName": "Action",
        "steps": [],
        "transactions": [
            {
                "transactionName": "TRXN01_SRL_Testing",
                "rawStartTime": 1570063134945,
                "rawEndTime": 1570063135450,
                "thinkTime": 0.0,
                "wastedTime": 0.0
            },
            {
                "transactionName": "TRXN01_SRL_Testing_2",
                "rawStartTime": 1570063136172,
                "rawEndTime": 1570063136434,
                "thinkTime": 0.0,
                "wastedTime": 0.0
            },
            {
                "transactionName": "TRXN01_SRL_Testing_3",
                "rawStartTime": 1570063136950,
                "rawEndTime": 1570063137473,
                "thinkTime": 0.0,
                "wastedTime": 0.0
            }
        ]
    }
]