[
    {
        "actionName": "Action",
        "steps": [],
        "transactions": [
            {
                "transactionName": "TRXN01_SRL_Testing",
                "rawStartTime": 1570063450501,
                "rawEndTime": 1570063450794,
                "thinkTime": 0.0,
                "wastedTime": 0.0
            },
            {
                "transactionName": "TRXN01_SRL_Testing_2",
                "rawStartTime": 1570063451427,
                "rawEndTime": 1570063451807,
                "thinkTime": 0.0,
                "wastedTime": 0.0
            },
            {
                "transactionName": "TRXN01_SRL_Testing_3",
                "rawStartTime": 1570063452402,
                "rawEndTime": 1570063452674,
                "thinkTime": 0.0,
                "wastedTime": 0.0
            }
        ]
    }
]