[
    {
        "actionName": "Action",
        "steps": [],
        "transactions": [
            {
                "transactionName": "TRXN01_SRL_Testing",
                "rawStartTime": 1570063602635,
                "rawEndTime": 1570063602986,
                "thinkTime": 0.0,
                "wastedTime": 0.0
            },
            {
                "transactionName": "TRXN01_SRL_Testing_2",
                "rawStartTime": 1570063603487,
                "rawEndTime": 1570063604191,
                "thinkTime": 0.0,
                "wastedTime": 0.0
            },
            {
                "transactionName": "TRXN01_SRL_Testing_3",
                "rawStartTime": 1570063605302,
                "rawEndTime": 1570063605902,
                "thinkTime": 0.0,
                "wastedTime": 0.0
            }
        ]
    }
]