[
    {
        "actionName": "Action",
        "steps": [],
        "transactions": [
            {
                "transactionName": "TRXN01_SRL_Testing",
                "rawStartTime": 1570063607513,
                "rawEndTime": 1570063607955,
                "thinkTime": 0.0,
                "wastedTime": 0.0
            },
            {
                "transactionName": "TRXN01_SRL_Testing_2",
                "rawStartTime": 1570063608579,
                "rawEndTime": 1570063608884,
                "thinkTime": 0.0,
                "wastedTime": 0.0
            },
            {
                "transactionName": "TRXN01_SRL_Testing_3",
                "rawStartTime": 1570063609757,
                "rawEndTime": 1570063610123,
                "thinkTime": 0.0,
                "wastedTime": 0.0
            }
        ]
    }
]