[
    {
        "actionName": "Action",
        "steps": [],
        "transactions": [
            {
                "transactionName": "TRXN01_SRL_Testing",
                "rawStartTime": 1570063090867,
                "rawEndTime": 1570063091195,
                "thinkTime": 0.0,
                "wastedTime": 0.0
            },
            {
                "transactionName": "TRXN01_SRL_Testing_2",
                "rawStartTime": 1570063091790,
                "rawEndTime": 1570063092163,
                "thinkTime": 0.0,
                "wastedTime": 0.0
            },
            {
                "transactionName": "TRXN01_SRL_Testing_3",
                "rawStartTime": 1570063092854,
                "rawEndTime": 1570063093196,
                "thinkTime": 0.0,
                "wastedTime": 0.0
            }
        ]
    }
]