[
    {
        "actionName": "Action",
        "steps": [],
        "transactions": [
            {
                "transactionName": "TRXN01_SRL_Testing",
                "rawStartTime": 1570064148385,
                "rawEndTime": 1570064148708,
                "thinkTime": 0.0,
                "wastedTime": 0.0
            },
            {
                "transactionName": "TRXN01_SRL_Testing_2",
                "rawStartTime": 1570064149264,
                "rawEndTime": 1570064149858,
                "thinkTime": 0.0,
                "wastedTime": 0.0
            },
            {
                "transactionName": "TRXN01_SRL_Testing_3",
                "rawStartTime": 1570064150538,
                "rawEndTime": 1570064151123,
                "thinkTime": 0.0,
                "wastedTime": 0.0
            }
        ]
    }
]