[
    {
        "actionName": "Action",
        "steps": [],
        "transactions": [
            {
                "transactionName": "TRXN01_SRL_Testing",
                "rawStartTime": 1570062995608,
                "rawEndTime": 1570062995883,
                "thinkTime": 0.0,
                "wastedTime": 0.0
            },
            {
                "transactionName": "TRXN01_SRL_Testing_2",
                "rawStartTime": 1570062996618,
                "rawEndTime": 1570062996922,
                "thinkTime": 0.0,
                "wastedTime": 0.0
            },
            {
                "transactionName": "TRXN01_SRL_Testing_3",
                "rawStartTime": 1570062997657,
                "rawEndTime": 1570062998055,
                "thinkTime": 0.0,
                "wastedTime": 0.0
            }
        ]
    }
]