[
    {
        "actionName": "Action",
        "steps": [],
        "transactions": [
            {
                "transactionName": "TRXN01_SRL_Testing",
                "rawStartTime": 1570063357530,
                "rawEndTime": 1570063357857,
                "thinkTime": 0.0,
                "wastedTime": 0.0
            },
            {
                "transactionName": "TRXN01_SRL_Testing_2",
                "rawStartTime": 1570063358367,
                "rawEndTime": 1570063358672,
                "thinkTime": 0.0,
                "wastedTime": 0.0
            },
            {
                "transactionName": "TRXN01_SRL_Testing_3",
                "rawStartTime": 1570063359278,
                "rawEndTime": 1570063359650,
                "thinkTime": 0.0,
                "wastedTime": 0.0
            }
        ]
    }
]