[
    {
        "actionName": "Action",
        "steps": [],
        "transactions": [
            {
                "transactionName": "TRXN01_SRL_Testing",
                "rawStartTime": 1570063964572,
                "rawEndTime": 1570063965019,
                "thinkTime": 0.0,
                "wastedTime": 0.0
            },
            {
                "transactionName": "TRXN01_SRL_Testing_2",
                "rawStartTime": 1570063966066,
                "rawEndTime": 1570063966472,
                "thinkTime": 0.0,
                "wastedTime": 0.0
            },
            {
                "transactionName": "TRXN01_SRL_Testing_3",
                "rawStartTime": 1570063967329,
                "rawEndTime": 1570063967651,
                "thinkTime": 0.0,
                "wastedTime": 0.0
            }
        ]
    }
]