[
    {
        "actionName": "Action",
        "steps": [],
        "transactions": [
            {
                "transactionName": "TRXN01_SRL_Testing",
                "rawStartTime": 1570063516880,
                "rawEndTime": 1570063517351,
                "thinkTime": 0.0,
                "wastedTime": 0.0
            },
            {
                "transactionName": "TRXN01_SRL_Testing_2",
                "rawStartTime": 1570063518106,
                "rawEndTime": 1570063518369,
                "thinkTime": 0.0,
                "wastedTime": 0.0
            },
            {
                "transactionName": "TRXN01_SRL_Testing_3",
                "rawStartTime": 1570063518851,
                "rawEndTime": 1570063519359,
                "thinkTime": 0.0,
                "wastedTime": 0.0
            }
        ]
    }
]