[
    {
        "actionName": "Action",
        "steps": [],
        "transactions": [
            {
                "transactionName": "TRXN01_SRL_Testing",
                "rawStartTime": 1570064180618,
                "rawEndTime": 1570064180967,
                "thinkTime": 0.0,
                "wastedTime": 0.0
            },
            {
                "transactionName": "TRXN01_SRL_Testing_2",
                "rawStartTime": 1570064181645,
                "rawEndTime": 1570064181973,
                "thinkTime": 0.0,
                "wastedTime": 0.0
            },
            {
                "transactionName": "TRXN01_SRL_Testing_3",
                "rawStartTime": 1570064182614,
                "rawEndTime": 1570064182995,
                "thinkTime": 0.0,
                "wastedTime": 0.0
            }
        ]
    }
]