[
    {
        "actionName": "Action",
        "steps": [],
        "transactions": [
            {
                "transactionName": "TRXN01_SRL_Testing",
                "rawStartTime": 1570063370166,
                "rawEndTime": 1570063370474,
                "thinkTime": 0.0,
                "wastedTime": 0.0
            },
            {
                "transactionName": "TRXN01_SRL_Testing_2",
                "rawStartTime": 1570063371130,
                "rawEndTime": 1570063371571,
                "thinkTime": 0.0,
                "wastedTime": 0.0
            },
            {
                "transactionName": "TRXN01_SRL_Testing_3",
                "rawStartTime": 1570063372163,
                "rawEndTime": 1570063372446,
                "thinkTime": 0.0,
                "wastedTime": 0.0
            }
        ]
    }
]