[
    {
        "actionName": "Action",
        "steps": [],
        "transactions": [
            {
                "transactionName": "TRXN01_SRL_Testing",
                "rawStartTime": 1570063886186,
                "rawEndTime": 1570063886511,
                "thinkTime": 0.0,
                "wastedTime": 0.0
            },
            {
                "transactionName": "TRXN01_SRL_Testing_2",
                "rawStartTime": 1570063887208,
                "rawEndTime": 1570063887640,
                "thinkTime": 0.0,
                "wastedTime": 0.0
            },
            {
                "transactionName": "TRXN01_SRL_Testing_3",
                "rawStartTime": 1570063888167,
                "rawEndTime": 1570063888617,
                "thinkTime": 0.0,
                "wastedTime": 0.0
            }
        ]
    }
]