[
    {
        "actionName": "Action",
        "steps": [],
        "transactions": [
            {
                "transactionName": "TRXN01_SRL_Testing",
                "rawStartTime": 1570063933586,
                "rawEndTime": 1570063934193,
                "thinkTime": 0.0,
                "wastedTime": 0.0
            },
            {
                "transactionName": "TRXN01_SRL_Testing_2",
                "rawStartTime": 1570063935371,
                "rawEndTime": 1570063936001,
                "thinkTime": 0.0,
                "wastedTime": 0.0
            },
            {
                "transactionName": "TRXN01_SRL_Testing_3",
                "rawStartTime": 1570063936581,
                "rawEndTime": 1570063936990,
                "thinkTime": 0.0,
                "wastedTime": 0.0
            }
        ]
    }
]