[
    {
        "actionName": "Action",
        "steps": [],
        "transactions": [
            {
                "transactionName": "TRXN01_SRL_Testing",
                "rawStartTime": 1570063039308,
                "rawEndTime": 1570063039677,
                "thinkTime": 0.0,
                "wastedTime": 0.0
            },
            {
                "transactionName": "TRXN01_SRL_Testing_2",
                "rawStartTime": 1570063040554,
                "rawEndTime": 1570063040908,
                "thinkTime": 0.0,
                "wastedTime": 0.0
            },
            {
                "transactionName": "TRXN01_SRL_Testing_3",
                "rawStartTime": 1570063041721,
                "rawEndTime": 1570063041977,
                "thinkTime": 0.0,
                "wastedTime": 0.0
            }
        ]
    }
]