[
    {
        "actionName": "Action",
        "steps": [],
        "transactions": [
            {
                "transactionName": "TRXN01_SRL_Testing",
                "rawStartTime": 1570062967892,
                "rawEndTime": 1570062968255,
                "thinkTime": 0.0,
                "wastedTime": 0.0
            },
            {
                "transactionName": "TRXN01_SRL_Testing_2",
                "rawStartTime": 1570062968719,
                "rawEndTime": 1570062968965,
                "thinkTime": 0.0,
                "wastedTime": 0.0
            },
            {
                "transactionName": "TRXN01_SRL_Testing_3",
                "rawStartTime": 1570062969949,
                "rawEndTime": 1570062970252,
                "thinkTime": 0.0,
                "wastedTime": 0.0
            }
        ]
    }
]