[
    {
        "actionName": "Action",
        "steps": [],
        "transactions": [
            {
                "transactionName": "TRXN01_SRL_Testing",
                "rawStartTime": 1570063543189,
                "rawEndTime": 1570063543539,
                "thinkTime": 0.0,
                "wastedTime": 0.0
            },
            {
                "transactionName": "TRXN01_SRL_Testing_2",
                "rawStartTime": 1570063544172,
                "rawEndTime": 1570063544444,
                "thinkTime": 0.0,
                "wastedTime": 0.0
            },
            {
                "transactionName": "TRXN01_SRL_Testing_3",
                "rawStartTime": 1570063545659,
                "rawEndTime": 1570063545920,
                "thinkTime": 0.0,
                "wastedTime": 0.0
            }
        ]
    }
]