[
    {
        "actionName": "Action",
        "steps": [],
        "transactions": [
            {
                "transactionName": "TRXN01_SRL_Testing",
                "rawStartTime": 1570063121609,
                "rawEndTime": 1570063121885,
                "thinkTime": 0.0,
                "wastedTime": 0.0
            },
            {
                "transactionName": "TRXN01_SRL_Testing_2",
                "rawStartTime": 1570063122647,
                "rawEndTime": 1570063122925,
                "thinkTime": 0.0,
                "wastedTime": 0.0
            },
            {
                "transactionName": "TRXN01_SRL_Testing_3",
                "rawStartTime": 1570063123629,
                "rawEndTime": 1570063124027,
                "thinkTime": 0.0,
                "wastedTime": 0.0
            }
        ]
    }
]