[
    {
        "actionName": "Action",
        "steps": [],
        "transactions": [
            {
                "transactionName": "TRXN01_SRL_Testing",
                "rawStartTime": 1570063504415,
                "rawEndTime": 1570063504865,
                "thinkTime": 0.0,
                "wastedTime": 0.0
            },
            {
                "transactionName": "TRXN01_SRL_Testing_2",
                "rawStartTime": 1570063505668,
                "rawEndTime": 1570063505955,
                "thinkTime": 0.0,
                "wastedTime": 0.0
            },
            {
                "transactionName": "TRXN01_SRL_Testing_3",
                "rawStartTime": 1570063506415,
                "rawEndTime": 1570063506860,
                "thinkTime": 0.0,
                "wastedTime": 0.0
            }
        ]
    }
]