[
    {
        "actionName": "Action",
        "steps": [],
        "transactions": [
            {
                "transactionName": "TRXN01_SRL_Testing",
                "rawStartTime": 1570063726969,
                "rawEndTime": 1570063727253,
                "thinkTime": 0.0,
                "wastedTime": 0.0
            },
            {
                "transactionName": "TRXN01_SRL_Testing_2",
                "rawStartTime": 1570063727880,
                "rawEndTime": 1570063728435,
                "thinkTime": 0.0,
                "wastedTime": 0.0
            },
            {
                "transactionName": "TRXN01_SRL_Testing_3",
                "rawStartTime": 1570063728909,
                "rawEndTime": 1570063729341,
                "thinkTime": 0.0,
                "wastedTime": 0.0
            }
        ]
    }
]