[
    {
        "actionName": "Action",
        "steps": [],
        "transactions": [
            {
                "transactionName": "TRXN01_SRL_Testing",
                "rawStartTime": 1570063022036,
                "rawEndTime": 1570063022401,
                "thinkTime": 0.0,
                "wastedTime": 0.0
            },
            {
                "transactionName": "TRXN01_SRL_Testing_2",
                "rawStartTime": 1570063023091,
                "rawEndTime": 1570063023476,
                "thinkTime": 0.0,
                "wastedTime": 0.0
            },
            {
                "transactionName": "TRXN01_SRL_Testing_3",
                "rawStartTime": 1570063024216,
                "rawEndTime": 1570063024498,
                "thinkTime": 0.0,
                "wastedTime": 0.0
            }
        ]
    }
]