[
    {
        "actionName": "Action",
        "steps": [],
        "transactions": [
            {
                "transactionName": "TRXN01_SRL_Testing",
                "rawStartTime": 1570063735430,
                "rawEndTime": 1570063735727,
                "thinkTime": 0.0,
                "wastedTime": 0.0
            },
            {
                "transactionName": "TRXN01_SRL_Testing_2",
                "rawStartTime": 1570063736232,
                "rawEndTime": 1570063736649,
                "thinkTime": 0.0,
                "wastedTime": 0.0
            },
            {
                "transactionName": "TRXN01_SRL_Testing_3",
                "rawStartTime": 1570063737327,
                "rawEndTime": 1570063737744,
                "thinkTime": 0.0,
                "wastedTime": 0.0
            }
        ]
    }
]