[
    {
        "actionName": "Action",
        "steps": [],
        "transactions": [
            {
                "transactionName": "TRXN01_SRL_Testing",
                "rawStartTime": 1570063043551,
                "rawEndTime": 1570063043796,
                "thinkTime": 0.0,
                "wastedTime": 0.0
            },
            {
                "transactionName": "TRXN01_SRL_Testing_2",
                "rawStartTime": 1570063044616,
                "rawEndTime": 1570063045155,
                "thinkTime": 0.0,
                "wastedTime": 0.0
            },
            {
                "transactionName": "TRXN01_SRL_Testing_3",
                "rawStartTime": 1570063045850,
                "rawEndTime": 1570063046122,
                "thinkTime": 0.0,
                "wastedTime": 0.0
            }
        ]
    }
]