[
    {
        "actionName": "Action",
        "steps": [],
        "transactions": [
            {
                "transactionName": "TRXN01_SRL_Testing",
                "rawStartTime": 1570063977762,
                "rawEndTime": 1570063978179,
                "thinkTime": 0.0,
                "wastedTime": 0.0
            },
            {
                "transactionName": "TRXN01_SRL_Testing_2",
                "rawStartTime": 1570063978720,
                "rawEndTime": 1570063979149,
                "thinkTime": 0.0,
                "wastedTime": 0.0
            },
            {
                "transactionName": "TRXN01_SRL_Testing_3",
                "rawStartTime": 1570063979902,
                "rawEndTime": 1570063980378,
                "thinkTime": 0.0,
                "wastedTime": 0.0
            }
        ]
    }
]