[
    {
        "actionName": "Action",
        "steps": [],
        "transactions": [
            {
                "transactionName": "TRXN01_SRL_Testing",
                "rawStartTime": 1570062963825,
                "rawEndTime": 1570062964216,
                "thinkTime": 0.0,
                "wastedTime": 0.0
            },
            {
                "transactionName": "TRXN01_SRL_Testing_2",
                "rawStartTime": 1570062965040,
                "rawEndTime": 1570062965412,
                "thinkTime": 0.0,
                "wastedTime": 0.0
            },
            {
                "transactionName": "TRXN01_SRL_Testing_3",
                "rawStartTime": 1570062965862,
                "rawEndTime": 1570062966216,
                "thinkTime": 0.0,
                "wastedTime": 0.0
            }
        ]
    }
]