[
    {
        "actionName": "Action",
        "steps": [],
        "transactions": [
            {
                "transactionName": "TRXN01_SRL_Testing",
                "rawStartTime": 1570064005395,
                "rawEndTime": 1570064005723,
                "thinkTime": 0.0,
                "wastedTime": 0.0
            },
            {
                "transactionName": "TRXN01_SRL_Testing_2",
                "rawStartTime": 1570064006577,
                "rawEndTime": 1570064006872,
                "thinkTime": 0.0,
                "wastedTime": 0.0
            },
            {
                "transactionName": "TRXN01_SRL_Testing_3",
                "rawStartTime": 1570064007404,
                "rawEndTime": 1570064007758,
                "thinkTime": 0.0,
                "wastedTime": 0.0
            }
        ]
    }
]