[
    {
        "actionName": "Action",
        "steps": [],
        "transactions": [
            {
                "transactionName": "TRXN01_SRL_Testing",
                "rawStartTime": 1570063860798,
                "rawEndTime": 1570063861341,
                "thinkTime": 0.0,
                "wastedTime": 0.0
            },
            {
                "transactionName": "TRXN01_SRL_Testing_2",
                "rawStartTime": 1570063861928,
                "rawEndTime": 1570063862254,
                "thinkTime": 0.0,
                "wastedTime": 0.0
            },
            {
                "transactionName": "TRXN01_SRL_Testing_3",
                "rawStartTime": 1570063862996,
                "rawEndTime": 1570063863308,
                "thinkTime": 0.0,
                "wastedTime": 0.0
            }
        ]
    }
]