[
    {
        "actionName": "Action",
        "steps": [],
        "transactions": [
            {
                "transactionName": "TRXN01_SRL_Testing",
                "rawStartTime": 1570064053302,
                "rawEndTime": 1570064053644,
                "thinkTime": 0.0,
                "wastedTime": 0.0
            },
            {
                "transactionName": "TRXN01_SRL_Testing_2",
                "rawStartTime": 1570064054368,
                "rawEndTime": 1570064054874,
                "thinkTime": 0.0,
                "wastedTime": 0.0
            },
            {
                "transactionName": "TRXN01_SRL_Testing_3",
                "rawStartTime": 1570064055870,
                "rawEndTime": 1570064056175,
                "thinkTime": 0.0,
                "wastedTime": 0.0
            }
        ]
    }
]