[
    {
        "actionName": "Action",
        "steps": [],
        "transactions": [
            {
                "transactionName": "TRXN01_SRL_Testing",
                "rawStartTime": 1570063284417,
                "rawEndTime": 1570063284923,
                "thinkTime": 0.0,
                "wastedTime": 0.0
            },
            {
                "transactionName": "TRXN01_SRL_Testing_2",
                "rawStartTime": 1570063285780,
                "rawEndTime": 1570063286352,
                "thinkTime": 0.0,
                "wastedTime": 0.0
            },
            {
                "transactionName": "TRXN01_SRL_Testing_3",
                "rawStartTime": 1570063286844,
                "rawEndTime": 1570063287157,
                "thinkTime": 0.0,
                "wastedTime": 0.0
            }
        ]
    }
]