[
    {
        "actionName": "Action",
        "steps": [],
        "transactions": [
            {
                "transactionName": "TRXN01_SRL_Testing",
                "rawStartTime": 1570062787610,
                "rawEndTime": 1570062787904,
                "thinkTime": 0.0,
                "wastedTime": 0.0
            },
            {
                "transactionName": "TRXN01_SRL_Testing_2",
                "rawStartTime": 1570062788479,
                "rawEndTime": 1570062788767,
                "thinkTime": 0.0,
                "wastedTime": 0.0
            },
            {
                "transactionName": "TRXN01_SRL_Testing_3",
                "rawStartTime": 1570062789712,
                "rawEndTime": 1570062790063,
                "thinkTime": 0.0,
                "wastedTime": 0.0
            }
        ]
    }
]