[
    {
        "actionName": "Action",
        "steps": [],
        "transactions": [
            {
                "transactionName": "TRXN01_SRL_Testing",
                "rawStartTime": 1570063327720,
                "rawEndTime": 1570063328029,
                "thinkTime": 0.0,
                "wastedTime": 0.0
            },
            {
                "transactionName": "TRXN01_SRL_Testing_2",
                "rawStartTime": 1570063328629,
                "rawEndTime": 1570063328893,
                "thinkTime": 0.0,
                "wastedTime": 0.0
            },
            {
                "transactionName": "TRXN01_SRL_Testing_3",
                "rawStartTime": 1570063329818,
                "rawEndTime": 1570063330266,
                "thinkTime": 0.0,
                "wastedTime": 0.0
            }
        ]
    }
]