[
    {
        "actionName": "Action",
        "steps": [],
        "transactions": [
            {
                "transactionName": "TRXN01_SRL_Testing",
                "rawStartTime": 1570063210453,
                "rawEndTime": 1570063210725,
                "thinkTime": 0.0,
                "wastedTime": 0.0
            },
            {
                "transactionName": "TRXN01_SRL_Testing_2",
                "rawStartTime": 1570063211727,
                "rawEndTime": 1570063212097,
                "thinkTime": 0.0,
                "wastedTime": 0.0
            },
            {
                "transactionName": "TRXN01_SRL_Testing_3",
                "rawStartTime": 1570063212594,
                "rawEndTime": 1570063213143,
                "thinkTime": 0.0,
                "wastedTime": 0.0
            }
        ]
    }
]