[
    {
        "actionName": "Action",
        "steps": [],
        "transactions": [
            {
                "transactionName": "TRXN01_SRL_Testing",
                "rawStartTime": 1570063625103,
                "rawEndTime": 1570063625413,
                "thinkTime": 0.0,
                "wastedTime": 0.0
            },
            {
                "transactionName": "TRXN01_SRL_Testing_2",
                "rawStartTime": 1570063626046,
                "rawEndTime": 1570063626462,
                "thinkTime": 0.0,
                "wastedTime": 0.0
            },
            {
                "transactionName": "TRXN01_SRL_Testing_3",
                "rawStartTime": 1570063627102,
                "rawEndTime": 1570063627508,
                "thinkTime": 0.0,
                "wastedTime": 0.0
            }
        ]
    }
]