[
    {
        "actionName": "Action",
        "steps": [],
        "transactions": [
            {
                "transactionName": "TRXN01_SRL_Testing",
                "rawStartTime": 1570063714079,
                "rawEndTime": 1570063714394,
                "thinkTime": 0.0,
                "wastedTime": 0.0
            },
            {
                "transactionName": "TRXN01_SRL_Testing_2",
                "rawStartTime": 1570063715327,
                "rawEndTime": 1570063715599,
                "thinkTime": 0.0,
                "wastedTime": 0.0
            },
            {
                "transactionName": "TRXN01_SRL_Testing_3",
                "rawStartTime": 1570063716276,
                "rawEndTime": 1570063716621,
                "thinkTime": 0.0,
                "wastedTime": 0.0
            }
        ]
    }
]