[
    {
        "actionName": "Action",
        "steps": [],
        "transactions": [
            {
                "transactionName": "TRXN01_SRL_Testing",
                "rawStartTime": 1570062812576,
                "rawEndTime": 1570062812934,
                "thinkTime": 0.0,
                "wastedTime": 0.0
            },
            {
                "transactionName": "TRXN01_SRL_Testing_2",
                "rawStartTime": 1570062813500,
                "rawEndTime": 1570062813929,
                "thinkTime": 0.0,
                "wastedTime": 0.0
            },
            {
                "transactionName": "TRXN01_SRL_Testing_3",
                "rawStartTime": 1570062814414,
                "rawEndTime": 1570062814873,
                "thinkTime": 0.0,
                "wastedTime": 0.0
            }
        ]
    }
]