[
    {
        "actionName": "Action",
        "steps": [],
        "transactions": [
            {
                "transactionName": "TRXN01_SRL_Testing",
                "rawStartTime": 1570063783859,
                "rawEndTime": 1570063784428,
                "thinkTime": 0.0,
                "wastedTime": 0.0
            },
            {
                "transactionName": "TRXN01_SRL_Testing_2",
                "rawStartTime": 1570063785649,
                "rawEndTime": 1570063786036,
                "thinkTime": 0.0,
                "wastedTime": 0.0
            },
            {
                "transactionName": "TRXN01_SRL_Testing_3",
                "rawStartTime": 1570063786542,
                "rawEndTime": 1570063787025,
                "thinkTime": 0.0,
                "wastedTime": 0.0
            }
        ]
    }
]