[
    {
        "actionName": "Action",
        "steps": [],
        "transactions": [
            {
                "transactionName": "TRXN01_SRL_Testing",
                "rawStartTime": 1570063748379,
                "rawEndTime": 1570063748760,
                "thinkTime": 0.0,
                "wastedTime": 0.0
            },
            {
                "transactionName": "TRXN01_SRL_Testing_2",
                "rawStartTime": 1570063749430,
                "rawEndTime": 1570063750019,
                "thinkTime": 0.0,
                "wastedTime": 0.0
            },
            {
                "transactionName": "TRXN01_SRL_Testing_3",
                "rawStartTime": 1570063750757,
                "rawEndTime": 1570063751103,
                "thinkTime": 0.0,
                "wastedTime": 0.0
            }
        ]
    }
]