[
    {
        "actionName": "Action",
        "steps": [],
        "transactions": [
            {
                "transactionName": "TRXN01_SRL_Testing",
                "rawStartTime": 1570062880527,
                "rawEndTime": 1570062880872,
                "thinkTime": 0.0,
                "wastedTime": 0.0
            },
            {
                "transactionName": "TRXN01_SRL_Testing_2",
                "rawStartTime": 1570062881379,
                "rawEndTime": 1570062881967,
                "thinkTime": 0.0,
                "wastedTime": 0.0
            },
            {
                "transactionName": "TRXN01_SRL_Testing_3",
                "rawStartTime": 1570062882436,
                "rawEndTime": 1570062882771,
                "thinkTime": 0.0,
                "wastedTime": 0.0
            }
        ]
    }
]