[
    {
        "actionName": "Action",
        "steps": [],
        "transactions": [
            {
                "transactionName": "TRXN01_SRL_Testing",
                "rawStartTime": 1570063674964,
                "rawEndTime": 1570063675570,
                "thinkTime": 0.0,
                "wastedTime": 0.0
            },
            {
                "transactionName": "TRXN01_SRL_Testing_2",
                "rawStartTime": 1570063676157,
                "rawEndTime": 1570063676517,
                "thinkTime": 0.0,
                "wastedTime": 0.0
            },
            {
                "transactionName": "TRXN01_SRL_Testing_3",
                "rawStartTime": 1570063677139,
                "rawEndTime": 1570063677600,
                "thinkTime": 0.0,
                "wastedTime": 0.0
            }
        ]
    }
]