[
    {
        "actionName": "Action",
        "steps": [],
        "transactions": [
            {
                "transactionName": "TRXN01_SRL_Testing",
                "rawStartTime": 1570063752897,
                "rawEndTime": 1570063753380,
                "thinkTime": 0.0,
                "wastedTime": 0.0
            },
            {
                "transactionName": "TRXN01_SRL_Testing_2",
                "rawStartTime": 1570063753906,
                "rawEndTime": 1570063754500,
                "thinkTime": 0.0,
                "wastedTime": 0.0
            },
            {
                "transactionName": "TRXN01_SRL_Testing_3",
                "rawStartTime": 1570063755758,
                "rawEndTime": 1570063756475,
                "thinkTime": 0.0,
                "wastedTime": 0.0
            }
        ]
    }
]