[
    {
        "actionName": "Action",
        "steps": [],
        "transactions": [
            {
                "transactionName": "TRXN01_SRL_Testing",
                "rawStartTime": 1570062904400,
                "rawEndTime": 1570062905126,
                "thinkTime": 0.0,
                "wastedTime": 0.0
            },
            {
                "transactionName": "TRXN01_SRL_Testing_2",
                "rawStartTime": 1570062905900,
                "rawEndTime": 1570062906190,
                "thinkTime": 0.0,
                "wastedTime": 0.0
            },
            {
                "transactionName": "TRXN01_SRL_Testing_3",
                "rawStartTime": 1570062906724,
                "rawEndTime": 1570062907087,
                "thinkTime": 0.0,
                "wastedTime": 0.0
            }
        ]
    }
]