[
    {
        "actionName": "Action",
        "steps": [],
        "transactions": [
            {
                "transactionName": "TRXN01_SRL_Testing",
                "rawStartTime": 1570063492642,
                "rawEndTime": 1570063492919,
                "thinkTime": 0.0,
                "wastedTime": 0.0
            },
            {
                "transactionName": "TRXN01_SRL_Testing_2",
                "rawStartTime": 1570063493581,
                "rawEndTime": 1570063493899,
                "thinkTime": 0.0,
                "wastedTime": 0.0
            },
            {
                "transactionName": "TRXN01_SRL_Testing_3",
                "rawStartTime": 1570063494409,
                "rawEndTime": 1570063494875,
                "thinkTime": 0.0,
                "wastedTime": 0.0
            }
        ]
    }
]