[
    {
        "actionName": "Action",
        "steps": [],
        "transactions": [
            {
                "transactionName": "TRXN01_SRL_Testing",
                "rawStartTime": 1570063117329,
                "rawEndTime": 1570063117613,
                "thinkTime": 0.0,
                "wastedTime": 0.0
            },
            {
                "transactionName": "TRXN01_SRL_Testing_2",
                "rawStartTime": 1570063118400,
                "rawEndTime": 1570063118701,
                "thinkTime": 0.0,
                "wastedTime": 0.0
            },
            {
                "transactionName": "TRXN01_SRL_Testing_3",
                "rawStartTime": 1570063119521,
                "rawEndTime": 1570063120090,
                "thinkTime": 0.0,
                "wastedTime": 0.0
            }
        ]
    }
]