[
    {
        "actionName": "Action",
        "steps": [],
        "transactions": [
            {
                "transactionName": "TRXN01_SRL_Testing",
                "rawStartTime": 1570063822677,
                "rawEndTime": 1570063823177,
                "thinkTime": 0.0,
                "wastedTime": 0.0
            },
            {
                "transactionName": "TRXN01_SRL_Testing_2",
                "rawStartTime": 1570063823780,
                "rawEndTime": 1570063824083,
                "thinkTime": 0.0,
                "wastedTime": 0.0
            },
            {
                "transactionName": "TRXN01_SRL_Testing_3",
                "rawStartTime": 1570063824897,
                "rawEndTime": 1570063825429,
                "thinkTime": 0.0,
                "wastedTime": 0.0
            }
        ]
    }
]