[
    {
        "actionName": "Action",
        "steps": [],
        "transactions": [
            {
                "transactionName": "TRXN01_SRL_Testing",
                "rawStartTime": 1570063559945,
                "rawEndTime": 1570063560789,
                "thinkTime": 0.0,
                "wastedTime": 0.0
            },
            {
                "transactionName": "TRXN01_SRL_Testing_2",
                "rawStartTime": 1570063561744,
                "rawEndTime": 1570063562158,
                "thinkTime": 0.0,
                "wastedTime": 0.0
            },
            {
                "transactionName": "TRXN01_SRL_Testing_3",
                "rawStartTime": 1570063562704,
                "rawEndTime": 1570063563113,
                "thinkTime": 0.0,
                "wastedTime": 0.0
            }
        ]
    }
]