[
    {
        "actionName": "Action",
        "steps": [],
        "transactions": [
            {
                "transactionName": "TRXN01_SRL_Testing",
                "rawStartTime": 1570063017147,
                "rawEndTime": 1570063017465,
                "thinkTime": 0.0,
                "wastedTime": 0.0
            },
            {
                "transactionName": "TRXN01_SRL_Testing_2",
                "rawStartTime": 1570063018065,
                "rawEndTime": 1570063018443,
                "thinkTime": 0.0,
                "wastedTime": 0.0
            },
            {
                "transactionName": "TRXN01_SRL_Testing_3",
                "rawStartTime": 1570063019160,
                "rawEndTime": 1570063019601,
                "thinkTime": 0.0,
                "wastedTime": 0.0
            }
        ]
    }
]