[
    {
        "actionName": "Action",
        "steps": [],
        "transactions": [
            {
                "transactionName": "TRXN01_SRL_Testing",
                "rawStartTime": 1570063201290,
                "rawEndTime": 1570063201730,
                "thinkTime": 0.0,
                "wastedTime": 0.0
            },
            {
                "transactionName": "TRXN01_SRL_Testing_2",
                "rawStartTime": 1570063202699,
                "rawEndTime": 1570063203167,
                "thinkTime": 0.0,
                "wastedTime": 0.0
            },
            {
                "transactionName": "TRXN01_SRL_Testing_3",
                "rawStartTime": 1570063203720,
                "rawEndTime": 1570063204003,
                "thinkTime": 0.0,
                "wastedTime": 0.0
            }
        ]
    }
]