[
    {
        "actionName": "Action",
        "steps": [],
        "transactions": [
            {
                "transactionName": "TRXN01_SRL_Testing",
                "rawStartTime": 1570063890945,
                "rawEndTime": 1570063891320,
                "thinkTime": 0.0,
                "wastedTime": 0.0
            },
            {
                "transactionName": "TRXN01_SRL_Testing_2",
                "rawStartTime": 1570063892128,
                "rawEndTime": 1570063892433,
                "thinkTime": 0.0,
                "wastedTime": 0.0
            },
            {
                "transactionName": "TRXN01_SRL_Testing_3",
                "rawStartTime": 1570063893010,
                "rawEndTime": 1570063893312,
                "thinkTime": 0.0,
                "wastedTime": 0.0
            }
        ]
    }
]