[
    {
        "actionName": "Action",
        "steps": [],
        "transactions": [
            {
                "transactionName": "TRXN01_SRL_Testing",
                "rawStartTime": 1570063471875,
                "rawEndTime": 1570063472242,
                "thinkTime": 0.0,
                "wastedTime": 0.0
            },
            {
                "transactionName": "TRXN01_SRL_Testing_2",
                "rawStartTime": 1570063472768,
                "rawEndTime": 1570063473093,
                "thinkTime": 0.0,
                "wastedTime": 0.0
            },
            {
                "transactionName": "TRXN01_SRL_Testing_3",
                "rawStartTime": 1570063473590,
                "rawEndTime": 1570063473954,
                "thinkTime": 0.0,
                "wastedTime": 0.0
            }
        ]
    }
]