[
    {
        "actionName": "Action",
        "steps": [],
        "transactions": [
            {
                "transactionName": "TRXN01_SRL_Testing",
                "rawStartTime": 1570063034585,
                "rawEndTime": 1570063035441,
                "thinkTime": 0.0,
                "wastedTime": 0.0
            },
            {
                "transactionName": "TRXN01_SRL_Testing_2",
                "rawStartTime": 1570063036357,
                "rawEndTime": 1570063036618,
                "thinkTime": 0.0,
                "wastedTime": 0.0
            },
            {
                "transactionName": "TRXN01_SRL_Testing_3",
                "rawStartTime": 1570063037165,
                "rawEndTime": 1570063037550,
                "thinkTime": 0.0,
                "wastedTime": 0.0
            }
        ]
    }
]