[
    {
        "actionName": "Action",
        "steps": [],
        "transactions": [
            {
                "transactionName": "TRXN01_SRL_Testing",
                "rawStartTime": 1570063223497,
                "rawEndTime": 1570063223889,
                "thinkTime": 0.0,
                "wastedTime": 0.0
            },
            {
                "transactionName": "TRXN01_SRL_Testing_2",
                "rawStartTime": 1570063224423,
                "rawEndTime": 1570063225101,
                "thinkTime": 0.0,
                "wastedTime": 0.0
            },
            {
                "transactionName": "TRXN01_SRL_Testing_3",
                "rawStartTime": 1570063225844,
                "rawEndTime": 1570063226107,
                "thinkTime": 0.0,
                "wastedTime": 0.0
            }
        ]
    }
]