[
    {
        "actionName": "Action",
        "steps": [],
        "transactions": [
            {
                "transactionName": "TRXN01_SRL_Testing",
                "rawStartTime": 1570063679136,
                "rawEndTime": 1570063679483,
                "thinkTime": 0.0,
                "wastedTime": 0.0
            },
            {
                "transactionName": "TRXN01_SRL_Testing_2",
                "rawStartTime": 1570063680703,
                "rawEndTime": 1570063681415,
                "thinkTime": 0.0,
                "wastedTime": 0.0
            },
            {
                "transactionName": "TRXN01_SRL_Testing_3",
                "rawStartTime": 1570063682271,
                "rawEndTime": 1570063682536,
                "thinkTime": 0.0,
                "wastedTime": 0.0
            }
        ]
    }
]