[
    {
        "actionName": "Action",
        "steps": [],
        "transactions": [
            {
                "transactionName": "TRXN01_SRL_Testing",
                "rawStartTime": 1570063399856,
                "rawEndTime": 1570063400204,
                "thinkTime": 0.0,
                "wastedTime": 0.0
            },
            {
                "transactionName": "TRXN01_SRL_Testing_2",
                "rawStartTime": 1570063400847,
                "rawEndTime": 1570063401202,
                "thinkTime": 0.0,
                "wastedTime": 0.0
            },
            {
                "transactionName": "TRXN01_SRL_Testing_3",
                "rawStartTime": 1570063401938,
                "rawEndTime": 1570063402249,
                "thinkTime": 0.0,
                "wastedTime": 0.0
            }
        ]
    }
]