[
    {
        "actionName": "Action",
        "steps": [],
        "transactions": [
            {
                "transactionName": "TRXN01_SRL_Testing",
                "rawStartTime": 1570063307434,
                "rawEndTime": 1570063307692,
                "thinkTime": 0.0,
                "wastedTime": 0.0
            },
            {
                "transactionName": "TRXN01_SRL_Testing_2",
                "rawStartTime": 1570063308241,
                "rawEndTime": 1570063308531,
                "thinkTime": 0.0,
                "wastedTime": 0.0
            },
            {
                "transactionName": "TRXN01_SRL_Testing_3",
                "rawStartTime": 1570063309255,
                "rawEndTime": 1570063309508,
                "thinkTime": 0.0,
                "wastedTime": 0.0
            }
        ]
    }
]