[
    {
        "actionName": "Action",
        "steps": [],
        "transactions": [
            {
                "transactionName": "TRXN01_SRL_Testing",
                "rawStartTime": 1570063573933,
                "rawEndTime": 1570063574240,
                "thinkTime": 0.0,
                "wastedTime": 0.0
            },
            {
                "transactionName": "TRXN01_SRL_Testing_2",
                "rawStartTime": 1570063574902,
                "rawEndTime": 1570063575643,
                "thinkTime": 0.0,
                "wastedTime": 0.0
            },
            {
                "transactionName": "TRXN01_SRL_Testing_3",
                "rawStartTime": 1570063576215,
                "rawEndTime": 1570063576637,
                "thinkTime": 0.0,
                "wastedTime": 0.0
            }
        ]
    }
]