[
    {
        "actionName": "Action",
        "steps": [],
        "transactions": [
            {
                "transactionName": "TRXN01_SRL_Testing",
                "rawStartTime": 1570064129997,
                "rawEndTime": 1570064130573,
                "thinkTime": 0.0,
                "wastedTime": 0.0
            },
            {
                "transactionName": "TRXN01_SRL_Testing_2",
                "rawStartTime": 1570064131542,
                "rawEndTime": 1570064131861,
                "thinkTime": 0.0,
                "wastedTime": 0.0
            },
            {
                "transactionName": "TRXN01_SRL_Testing_3",
                "rawStartTime": 1570064132411,
                "rawEndTime": 1570064132774,
                "thinkTime": 0.0,
                "wastedTime": 0.0
            }
        ]
    }
]