[
    {
        "actionName": "Action",
        "steps": [],
        "transactions": [
            {
                "transactionName": "TRXN01_SRL_Testing",
                "rawStartTime": 1570063219268,
                "rawEndTime": 1570063219859,
                "thinkTime": 0.0,
                "wastedTime": 0.0
            },
            {
                "transactionName": "TRXN01_SRL_Testing_2",
                "rawStartTime": 1570063220520,
                "rawEndTime": 1570063220899,
                "thinkTime": 0.0,
                "wastedTime": 0.0
            },
            {
                "transactionName": "TRXN01_SRL_Testing_3",
                "rawStartTime": 1570063221617,
                "rawEndTime": 1570063221888,
                "thinkTime": 0.0,
                "wastedTime": 0.0
            }
        ]
    }
]