[
    {
        "actionName": "Action",
        "steps": [],
        "transactions": [
            {
                "transactionName": "TRXN01_SRL_Testing",
                "rawStartTime": 1570064152703,
                "rawEndTime": 1570064153011,
                "thinkTime": 0.0,
                "wastedTime": 0.0
            },
            {
                "transactionName": "TRXN01_SRL_Testing_2",
                "rawStartTime": 1570064153857,
                "rawEndTime": 1570064154147,
                "thinkTime": 0.0,
                "wastedTime": 0.0
            },
            {
                "transactionName": "TRXN01_SRL_Testing_3",
                "rawStartTime": 1570064154953,
                "rawEndTime": 1570064155429,
                "thinkTime": 0.0,
                "wastedTime": 0.0
            }
        ]
    }
]