[
    {
        "actionName": "Action",
        "steps": [],
        "transactions": [
            {
                "transactionName": "TRXN01_SRL_Testing",
                "rawStartTime": 1570063881858,
                "rawEndTime": 1570063882308,
                "thinkTime": 0.0,
                "wastedTime": 0.0
            },
            {
                "transactionName": "TRXN01_SRL_Testing_2",
                "rawStartTime": 1570063882908,
                "rawEndTime": 1570063883288,
                "thinkTime": 0.0,
                "wastedTime": 0.0
            },
            {
                "transactionName": "TRXN01_SRL_Testing_3",
                "rawStartTime": 1570063883938,
                "rawEndTime": 1570063884252,
                "thinkTime": 0.0,
                "wastedTime": 0.0
            }
        ]
    }
]