[
    {
        "actionName": "Action",
        "steps": [],
        "transactions": [
            {
                "transactionName": "TRXN01_SRL_Testing",
                "rawStartTime": 1570062832347,
                "rawEndTime": 1570062832740,
                "thinkTime": 0.0,
                "wastedTime": 0.0
            },
            {
                "transactionName": "TRXN01_SRL_Testing_2",
                "rawStartTime": 1570062833257,
                "rawEndTime": 1570062833520,
                "thinkTime": 0.0,
                "wastedTime": 0.0
            },
            {
                "transactionName": "TRXN01_SRL_Testing_3",
                "rawStartTime": 1570062834282,
                "rawEndTime": 1570062834713,
                "thinkTime": 0.0,
                "wastedTime": 0.0
            }
        ]
    }
]