[
    {
        "actionName": "Action",
        "steps": [],
        "transactions": [
            {
                "transactionName": "TRXN01_SRL_Testing",
                "rawStartTime": 1570063215124,
                "rawEndTime": 1570063215752,
                "thinkTime": 0.0,
                "wastedTime": 0.0
            },
            {
                "transactionName": "TRXN01_SRL_Testing_2",
                "rawStartTime": 1570063216298,
                "rawEndTime": 1570063216545,
                "thinkTime": 0.0,
                "wastedTime": 0.0
            },
            {
                "transactionName": "TRXN01_SRL_Testing_3",
                "rawStartTime": 1570063217413,
                "rawEndTime": 1570063217709,
                "thinkTime": 0.0,
                "wastedTime": 0.0
            }
        ]
    }
]