[
    {
        "actionName": "Action",
        "steps": [],
        "transactions": [
            {
                "transactionName": "TRXN01_SRL_Testing",
                "rawStartTime": 1570062893389,
                "rawEndTime": 1570062893654,
                "thinkTime": 0.0,
                "wastedTime": 0.0
            },
            {
                "transactionName": "TRXN01_SRL_Testing_2",
                "rawStartTime": 1570062894458,
                "rawEndTime": 1570062894968,
                "thinkTime": 0.0,
                "wastedTime": 0.0
            },
            {
                "transactionName": "TRXN01_SRL_Testing_3",
                "rawStartTime": 1570062895760,
                "rawEndTime": 1570062896046,
                "thinkTime": 0.0,
                "wastedTime": 0.0
            }
        ]
    }
]