[
    {
        "actionName": "Action",
        "steps": [],
        "transactions": [
            {
                "transactionName": "TRXN01_SRL_Testing",
                "rawStartTime": 1570063762143,
                "rawEndTime": 1570063762434,
                "thinkTime": 0.0,
                "wastedTime": 0.0
            },
            {
                "transactionName": "TRXN01_SRL_Testing_2",
                "rawStartTime": 1570063762935,
                "rawEndTime": 1570063763250,
                "thinkTime": 0.0,
                "wastedTime": 0.0
            },
            {
                "transactionName": "TRXN01_SRL_Testing_3",
                "rawStartTime": 1570063763785,
                "rawEndTime": 1570063764187,
                "thinkTime": 0.0,
                "wastedTime": 0.0
            }
        ]
    }
]