[
    {
        "actionName": "Action",
        "steps": [],
        "transactions": [
            {
                "transactionName": "TRXN01_SRL_Testing",
                "rawStartTime": 1570063064526,
                "rawEndTime": 1570063065280,
                "thinkTime": 0.0,
                "wastedTime": 0.0
            },
            {
                "transactionName": "TRXN01_SRL_Testing_2",
                "rawStartTime": 1570063065952,
                "rawEndTime": 1570063066330,
                "thinkTime": 0.0,
                "wastedTime": 0.0
            },
            {
                "transactionName": "TRXN01_SRL_Testing_3",
                "rawStartTime": 1570063067011,
                "rawEndTime": 1570063067371,
                "thinkTime": 0.0,
                "wastedTime": 0.0
            }
        ]
    }
]