[
    {
        "actionName": "Action",
        "steps": [],
        "transactions": [
            {
                "transactionName": "TRXN01_SRL_Testing",
                "rawStartTime": 1570063374015,
                "rawEndTime": 1570063374379,
                "thinkTime": 0.0,
                "wastedTime": 0.0
            },
            {
                "transactionName": "TRXN01_SRL_Testing_2",
                "rawStartTime": 1570063375350,
                "rawEndTime": 1570063375705,
                "thinkTime": 0.0,
                "wastedTime": 0.0
            },
            {
                "transactionName": "TRXN01_SRL_Testing_3",
                "rawStartTime": 1570063376230,
                "rawEndTime": 1570063376509,
                "thinkTime": 0.0,
                "wastedTime": 0.0
            }
        ]
    }
]