[
    {
        "actionName": "Action",
        "steps": [],
        "transactions": [
            {
                "transactionName": "TRXN01_SRL_Testing",
                "rawStartTime": 1570062908585,
                "rawEndTime": 1570062908881,
                "thinkTime": 0.0,
                "wastedTime": 0.0
            },
            {
                "transactionName": "TRXN01_SRL_Testing_2",
                "rawStartTime": 1570062909656,
                "rawEndTime": 1570062910227,
                "thinkTime": 0.0,
                "wastedTime": 0.0
            },
            {
                "transactionName": "TRXN01_SRL_Testing_3",
                "rawStartTime": 1570062910934,
                "rawEndTime": 1570062911238,
                "thinkTime": 0.0,
                "wastedTime": 0.0
            }
        ]
    }
]