[
    {
        "actionName": "Action",
        "steps": [],
        "transactions": [
            {
                "transactionName": "TRXN01_SRL_Testing",
                "rawStartTime": 1570063586173,
                "rawEndTime": 1570063586453,
                "thinkTime": 0.0,
                "wastedTime": 0.0
            },
            {
                "transactionName": "TRXN01_SRL_Testing_2",
                "rawStartTime": 1570063586921,
                "rawEndTime": 1570063587377,
                "thinkTime": 0.0,
                "wastedTime": 0.0
            },
            {
                "transactionName": "TRXN01_SRL_Testing_3",
                "rawStartTime": 1570063587828,
                "rawEndTime": 1570063588115,
                "thinkTime": 0.0,
                "wastedTime": 0.0
            }
        ]
    }
]