[
    {
        "actionName": "Action",
        "steps": [],
        "transactions": [
            {
                "transactionName": "TRXN01_SRL_Testing",
                "rawStartTime": 1570063475892,
                "rawEndTime": 1570063476159,
                "thinkTime": 0.0,
                "wastedTime": 0.0
            },
            {
                "transactionName": "TRXN01_SRL_Testing_2",
                "rawStartTime": 1570063476978,
                "rawEndTime": 1570063477265,
                "thinkTime": 0.0,
                "wastedTime": 0.0
            },
            {
                "transactionName": "TRXN01_SRL_Testing_3",
                "rawStartTime": 1570063477848,
                "rawEndTime": 1570063478277,
                "thinkTime": 0.0,
                "wastedTime": 0.0
            }
        ]
    }
]