[
    {
        "actionName": "Action",
        "steps": [],
        "transactions": [
            {
                "transactionName": "TRXN01_SRL_Testing",
                "rawStartTime": 1570062808318,
                "rawEndTime": 1570062808568,
                "thinkTime": 0.0,
                "wastedTime": 0.0
            },
            {
                "transactionName": "TRXN01_SRL_Testing_2",
                "rawStartTime": 1570062809274,
                "rawEndTime": 1570062809882,
                "thinkTime": 0.0,
                "wastedTime": 0.0
            },
            {
                "transactionName": "TRXN01_SRL_Testing_3",
                "rawStartTime": 1570062810535,
                "rawEndTime": 1570062810773,
                "thinkTime": 0.0,
                "wastedTime": 0.0
            }
        ]
    }
]