[
    {
        "actionName": "Action",
        "steps": [],
        "transactions": [
            {
                "transactionName": "TRXN01_SRL_Testing",
                "rawStartTime": 1570063077411,
                "rawEndTime": 1570063077709,
                "thinkTime": 0.0,
                "wastedTime": 0.0
            },
            {
                "transactionName": "TRXN01_SRL_Testing_2",
                "rawStartTime": 1570063078401,
                "rawEndTime": 1570063078683,
                "thinkTime": 0.0,
                "wastedTime": 0.0
            },
            {
                "transactionName": "TRXN01_SRL_Testing_3",
                "rawStartTime": 1570063079291,
                "rawEndTime": 1570063080022,
                "thinkTime": 0.0,
                "wastedTime": 0.0
            }
        ]
    }
]