[
    {
        "actionName": "Action",
        "steps": [],
        "transactions": [
            {
                "transactionName": "TRXN01_SRL_Testing",
                "rawStartTime": 1570064166536,
                "rawEndTime": 1570064166978,
                "thinkTime": 0.0,
                "wastedTime": 0.0
            },
            {
                "transactionName": "TRXN01_SRL_Testing_2",
                "rawStartTime": 1570064167629,
                "rawEndTime": 1570064167951,
                "thinkTime": 0.0,
                "wastedTime": 0.0
            },
            {
                "transactionName": "TRXN01_SRL_Testing_3",
                "rawStartTime": 1570064168635,
                "rawEndTime": 1570064168976,
                "thinkTime": 0.0,
                "wastedTime": 0.0
            }
        ]
    }
]