[
    {
        "actionName": "Action",
        "steps": [],
        "transactions": [
            {
                "transactionName": "TRXN01_SRL_Testing",
                "rawStartTime": 1570063947305,
                "rawEndTime": 1570063947803,
                "thinkTime": 0.0,
                "wastedTime": 0.0
            },
            {
                "transactionName": "TRXN01_SRL_Testing_2",
                "rawStartTime": 1570063948316,
                "rawEndTime": 1570063948611,
                "thinkTime": 0.0,
                "wastedTime": 0.0
            },
            {
                "transactionName": "TRXN01_SRL_Testing_3",
                "rawStartTime": 1570063949429,
                "rawEndTime": 1570063950014,
                "thinkTime": 0.0,
                "wastedTime": 0.0
            }
        ]
    }
]