[
    {
        "actionName": "Action",
        "steps": [],
        "transactions": [
            {
                "transactionName": "TRXN01_SRL_Testing",
                "rawStartTime": 1570063178788,
                "rawEndTime": 1570063179108,
                "thinkTime": 0.0,
                "wastedTime": 0.0
            },
            {
                "transactionName": "TRXN01_SRL_Testing_2",
                "rawStartTime": 1570063180160,
                "rawEndTime": 1570063180508,
                "thinkTime": 0.0,
                "wastedTime": 0.0
            },
            {
                "transactionName": "TRXN01_SRL_Testing_3",
                "rawStartTime": 1570063181176,
                "rawEndTime": 1570063181590,
                "thinkTime": 0.0,
                "wastedTime": 0.0
            }
        ]
    }
]