[
    {
        "actionName": "Action",
        "steps": [],
        "transactions": [
            {
                "transactionName": "TRXN01_SRL_Testing",
                "rawStartTime": 1570063827022,
                "rawEndTime": 1570063827314,
                "thinkTime": 0.0,
                "wastedTime": 0.0
            },
            {
                "transactionName": "TRXN01_SRL_Testing_2",
                "rawStartTime": 1570063828006,
                "rawEndTime": 1570063828324,
                "thinkTime": 0.0,
                "wastedTime": 0.0
            },
            {
                "transactionName": "TRXN01_SRL_Testing_3",
                "rawStartTime": 1570063828930,
                "rawEndTime": 1570063829309,
                "thinkTime": 0.0,
                "wastedTime": 0.0
            }
        ]
    }
]