[
    {
        "actionName": "Action",
        "steps": [],
        "transactions": [
            {
                "transactionName": "TRXN01_SRL_Testing",
                "rawStartTime": 1570064107514,
                "rawEndTime": 1570064107889,
                "thinkTime": 0.0,
                "wastedTime": 0.0
            },
            {
                "transactionName": "TRXN01_SRL_Testing_2",
                "rawStartTime": 1570064108760,
                "rawEndTime": 1570064109095,
                "thinkTime": 0.0,
                "wastedTime": 0.0
            },
            {
                "transactionName": "TRXN01_SRL_Testing_3",
                "rawStartTime": 1570064109787,
                "rawEndTime": 1570064110346,
                "thinkTime": 0.0,
                "wastedTime": 0.0
            }
        ]
    }
]