[
    {
        "actionName": "Action",
        "steps": [],
        "transactions": [
            {
                "transactionName": "TRXN01_SRL_Testing",
                "rawStartTime": 1570063818215,
                "rawEndTime": 1570063818517,
                "thinkTime": 0.0,
                "wastedTime": 0.0
            },
            {
                "transactionName": "TRXN01_SRL_Testing_2",
                "rawStartTime": 1570063819021,
                "rawEndTime": 1570063819323,
                "thinkTime": 0.0,
                "wastedTime": 0.0
            },
            {
                "transactionName": "TRXN01_SRL_Testing_3",
                "rawStartTime": 1570063820367,
                "rawEndTime": 1570063820720,
                "thinkTime": 0.0,
                "wastedTime": 0.0
            }
        ]
    }
]