[
    {
        "actionName": "Action",
        "steps": [],
        "transactions": [
            {
                "transactionName": "TRXN01_SRL_Testing",
                "rawStartTime": 1570062953969,
                "rawEndTime": 1570062954610,
                "thinkTime": 0.0,
                "wastedTime": 0.0
            },
            {
                "transactionName": "TRXN01_SRL_Testing_2",
                "rawStartTime": 1570062955761,
                "rawEndTime": 1570062956058,
                "thinkTime": 0.0,
                "wastedTime": 0.0
            },
            {
                "transactionName": "TRXN01_SRL_Testing_3",
                "rawStartTime": 1570062956667,
                "rawEndTime": 1570062957000,
                "thinkTime": 0.0,
                "wastedTime": 0.0
            }
        ]
    }
]