[
    {
        "actionName": "Action",
        "steps": [],
        "transactions": [
            {
                "transactionName": "TRXN01_SRL_Testing",
                "rawStartTime": 1570063008863,
                "rawEndTime": 1570063009270,
                "thinkTime": 0.0,
                "wastedTime": 0.0
            },
            {
                "transactionName": "TRXN01_SRL_Testing_2",
                "rawStartTime": 1570063009979,
                "rawEndTime": 1570063010409,
                "thinkTime": 0.0,
                "wastedTime": 0.0
            },
            {
                "transactionName": "TRXN01_SRL_Testing_3",
                "rawStartTime": 1570063010935,
                "rawEndTime": 1570063011448,
                "thinkTime": 0.0,
                "wastedTime": 0.0
            }
        ]
    }
]