[
    {
        "actionName": "Action",
        "steps": [],
        "transactions": [
            {
                "transactionName": "TRXN01_SRL_Testing",
                "rawStartTime": 1570063779439,
                "rawEndTime": 1570063780084,
                "thinkTime": 0.0,
                "wastedTime": 0.0
            },
            {
                "transactionName": "TRXN01_SRL_Testing_2",
                "rawStartTime": 1570063780888,
                "rawEndTime": 1570063781284,
                "thinkTime": 0.0,
                "wastedTime": 0.0
            },
            {
                "transactionName": "TRXN01_SRL_Testing_3",
                "rawStartTime": 1570063782002,
                "rawEndTime": 1570063782306,
                "thinkTime": 0.0,
                "wastedTime": 0.0
            }
        ]
    }
]