[
    {
        "actionName": "Action",
        "steps": [],
        "transactions": [
            {
                "transactionName": "TRXN01_SRL_Testing",
                "rawStartTime": 1570062934749,
                "rawEndTime": 1570062935191,
                "thinkTime": 0.0,
                "wastedTime": 0.0
            },
            {
                "transactionName": "TRXN01_SRL_Testing_2",
                "rawStartTime": 1570062935867,
                "rawEndTime": 1570062936118,
                "thinkTime": 0.0,
                "wastedTime": 0.0
            },
            {
                "transactionName": "TRXN01_SRL_Testing_3",
                "rawStartTime": 1570062936779,
                "rawEndTime": 1570062937260,
                "thinkTime": 0.0,
                "wastedTime": 0.0
            }
        ]
    }
]