[
    {
        "actionName": "Action",
        "steps": [],
        "transactions": [
            {
                "transactionName": "TRXN01_SRL_Testing",
                "rawStartTime": 1570063611772,
                "rawEndTime": 1570063612171,
                "thinkTime": 0.0,
                "wastedTime": 0.0
            },
            {
                "transactionName": "TRXN01_SRL_Testing_2",
                "rawStartTime": 1570063612650,
                "rawEndTime": 1570063613133,
                "thinkTime": 0.0,
                "wastedTime": 0.0
            },
            {
                "transactionName": "TRXN01_SRL_Testing_3",
                "rawStartTime": 1570063613735,
                "rawEndTime": 1570063614166,
                "thinkTime": 0.0,
                "wastedTime": 0.0
            }
        ]
    }
]