[
    {
        "actionName": "Action",
        "steps": [],
        "transactions": [
            {
                "transactionName": "TRXN01_SRL_Testing",
                "rawStartTime": 1570063161670,
                "rawEndTime": 1570063162078,
                "thinkTime": 0.0,
                "wastedTime": 0.0
            },
            {
                "transactionName": "TRXN01_SRL_Testing_2",
                "rawStartTime": 1570063162570,
                "rawEndTime": 1570063162833,
                "thinkTime": 0.0,
                "wastedTime": 0.0
            },
            {
                "transactionName": "TRXN01_SRL_Testing_3",
                "rawStartTime": 1570063163552,
                "rawEndTime": 1570063163863,
                "thinkTime": 0.0,
                "wastedTime": 0.0
            }
        ]
    }
]