[
    {
        "actionName": "Action",
        "steps": [],
        "transactions": [
            {
                "transactionName": "TRXN01_SRL_Testing",
                "rawStartTime": 1570063183143,
                "rawEndTime": 1570063183486,
                "thinkTime": 0.0,
                "wastedTime": 0.0
            },
            {
                "transactionName": "TRXN01_SRL_Testing_2",
                "rawStartTime": 1570063184133,
                "rawEndTime": 1570063184413,
                "thinkTime": 0.0,
                "wastedTime": 0.0
            },
            {
                "transactionName": "TRXN01_SRL_Testing_3",
                "rawStartTime": 1570063185713,
                "rawEndTime": 1570063186090,
                "thinkTime": 0.0,
                "wastedTime": 0.0
            }
        ]
    }
]