[
    {
        "actionName": "Action",
        "steps": [],
        "transactions": [
            {
                "transactionName": "TRXN01_SRL_Testing",
                "rawStartTime": 1570063508657,
                "rawEndTime": 1570063508948,
                "thinkTime": 0.0,
                "wastedTime": 0.0
            },
            {
                "transactionName": "TRXN01_SRL_Testing_2",
                "rawStartTime": 1570063510051,
                "rawEndTime": 1570063510443,
                "thinkTime": 0.0,
                "wastedTime": 0.0
            },
            {
                "transactionName": "TRXN01_SRL_Testing_3",
                "rawStartTime": 1570063511179,
                "rawEndTime": 1570063511475,
                "thinkTime": 0.0,
                "wastedTime": 0.0
            }
        ]
    }
]