[
    {
        "actionName": "Action",
        "steps": [],
        "transactions": [
            {
                "transactionName": "TRXN01_SRL_Testing",
                "rawStartTime": 1570063840510,
                "rawEndTime": 1570063840857,
                "thinkTime": 0.0,
                "wastedTime": 0.0
            },
            {
                "transactionName": "TRXN01_SRL_Testing_2",
                "rawStartTime": 1570063841553,
                "rawEndTime": 1570063841878,
                "thinkTime": 0.0,
                "wastedTime": 0.0
            },
            {
                "transactionName": "TRXN01_SRL_Testing_3",
                "rawStartTime": 1570063842592,
                "rawEndTime": 1570063842915,
                "thinkTime": 0.0,
                "wastedTime": 0.0
            }
        ]
    }
]