[
    {
        "actionName": "Action",
        "steps": [],
        "transactions": [
            {
                "transactionName": "TRXN01_SRL_Testing",
                "rawStartTime": 1570064044821,
                "rawEndTime": 1570064045269,
                "thinkTime": 0.0,
                "wastedTime": 0.0
            },
            {
                "transactionName": "TRXN01_SRL_Testing_2",
                "rawStartTime": 1570064045895,
                "rawEndTime": 1570064046208,
                "thinkTime": 0.0,
                "wastedTime": 0.0
            },
            {
                "transactionName": "TRXN01_SRL_Testing_3",
                "rawStartTime": 1570064046741,
                "rawEndTime": 1570064047206,
                "thinkTime": 0.0,
                "wastedTime": 0.0
            }
        ]
    }
]