[
    {
        "actionName": "Action",
        "steps": [],
        "transactions": [
            {
                "transactionName": "TRXN01_SRL_Testing",
                "rawStartTime": 1570063513018,
                "rawEndTime": 1570063513327,
                "thinkTime": 0.0,
                "wastedTime": 0.0
            },
            {
                "transactionName": "TRXN01_SRL_Testing_2",
                "rawStartTime": 1570063513836,
                "rawEndTime": 1570063514140,
                "thinkTime": 0.0,
                "wastedTime": 0.0
            },
            {
                "transactionName": "TRXN01_SRL_Testing_3",
                "rawStartTime": 1570063514848,
                "rawEndTime": 1570063515446,
                "thinkTime": 0.0,
                "wastedTime": 0.0
            }
        ]
    }
]