[
    {
        "actionName": "Action",
        "steps": [],
        "transactions": [
            {
                "transactionName": "TRXN01_SRL_Testing",
                "rawStartTime": 1570062912724,
                "rawEndTime": 1570062913137,
                "thinkTime": 0.0,
                "wastedTime": 0.0
            },
            {
                "transactionName": "TRXN01_SRL_Testing_2",
                "rawStartTime": 1570062913790,
                "rawEndTime": 1570062914194,
                "thinkTime": 0.0,
                "wastedTime": 0.0
            },
            {
                "transactionName": "TRXN01_SRL_Testing_3",
                "rawStartTime": 1570062915499,
                "rawEndTime": 1570062915818,
                "thinkTime": 0.0,
                "wastedTime": 0.0
            }
        ]
    }
]