[
    {
        "actionName": "Action",
        "steps": [],
        "transactions": [
            {
                "transactionName": "TRXN01_SRL_Testing",
                "rawStartTime": 1570063649988,
                "rawEndTime": 1570063650641,
                "thinkTime": 0.0,
                "wastedTime": 0.0
            },
            {
                "transactionName": "TRXN01_SRL_Testing_2",
                "rawStartTime": 1570063651215,
                "rawEndTime": 1570063651504,
                "thinkTime": 0.0,
                "wastedTime": 0.0
            },
            {
                "transactionName": "TRXN01_SRL_Testing_3",
                "rawStartTime": 1570063651963,
                "rawEndTime": 1570063652269,
                "thinkTime": 0.0,
                "wastedTime": 0.0
            }
        ]
    }
]