[
    {
        "actionName": "Action",
        "steps": [],
        "transactions": [
            {
                "transactionName": "TRXN01_SRL_Testing",
                "rawStartTime": 1570064009394,
                "rawEndTime": 1570064009832,
                "thinkTime": 0.0,
                "wastedTime": 0.0
            },
            {
                "transactionName": "TRXN01_SRL_Testing_2",
                "rawStartTime": 1570064010757,
                "rawEndTime": 1570064011102,
                "thinkTime": 0.0,
                "wastedTime": 0.0
            },
            {
                "transactionName": "TRXN01_SRL_Testing_3",
                "rawStartTime": 1570064011641,
                "rawEndTime": 1570064012095,
                "thinkTime": 0.0,
                "wastedTime": 0.0
            }
        ]
    }
]