[
    {
        "actionName": "Action",
        "steps": [],
        "transactions": [
            {
                "transactionName": "TRXN01_SRL_Testing",
                "rawStartTime": 1570063744058,
                "rawEndTime": 1570063744396,
                "thinkTime": 0.0,
                "wastedTime": 0.0
            },
            {
                "transactionName": "TRXN01_SRL_Testing_2",
                "rawStartTime": 1570063745406,
                "rawEndTime": 1570063745705,
                "thinkTime": 0.0,
                "wastedTime": 0.0
            },
            {
                "transactionName": "TRXN01_SRL_Testing_3",
                "rawStartTime": 1570063746554,
                "rawEndTime": 1570063746851,
                "thinkTime": 0.0,
                "wastedTime": 0.0
            }
        ]
    }
]