[
    {
        "actionName": "Action",
        "steps": [],
        "transactions": [
            {
                "transactionName": "TRXN01_SRL_Testing",
                "rawStartTime": 1570062917793,
                "rawEndTime": 1570062918201,
                "thinkTime": 0.0,
                "wastedTime": 0.0
            },
            {
                "transactionName": "TRXN01_SRL_Testing_2",
                "rawStartTime": 1570062918712,
                "rawEndTime": 1570062919192,
                "thinkTime": 0.0,
                "wastedTime": 0.0
            },
            {
                "transactionName": "TRXN01_SRL_Testing_3",
                "rawStartTime": 1570062920025,
                "rawEndTime": 1570062920598,
                "thinkTime": 0.0,
                "wastedTime": 0.0
            }
        ]
    }
]