[
    {
        "actionName": "Action",
        "steps": [],
        "transactions": [
            {
                "transactionName": "TRXN01_SRL_Testing",
                "rawStartTime": 1570063539067,
                "rawEndTime": 1570063539353,
                "thinkTime": 0.0,
                "wastedTime": 0.0
            },
            {
                "transactionName": "TRXN01_SRL_Testing_2",
                "rawStartTime": 1570063540268,
                "rawEndTime": 1570063540565,
                "thinkTime": 0.0,
                "wastedTime": 0.0
            },
            {
                "transactionName": "TRXN01_SRL_Testing_3",
                "rawStartTime": 1570063541274,
                "rawEndTime": 1570063541521,
                "thinkTime": 0.0,
                "wastedTime": 0.0
            }
        ]
    }
]