[
    {
        "actionName": "Action",
        "steps": [],
        "transactions": [
            {
                "transactionName": "TRXN01_SRL_Testing",
                "rawStartTime": 1570063635386,
                "rawEndTime": 1570063636584,
                "thinkTime": 0.0,
                "wastedTime": 0.0
            },
            {
                "transactionName": "TRXN01_SRL_Testing_2",
                "rawStartTime": 1570063637512,
                "rawEndTime": 1570063638140,
                "thinkTime": 0.0,
                "wastedTime": 0.0
            },
            {
                "transactionName": "TRXN01_SRL_Testing_3",
                "rawStartTime": 1570063639066,
                "rawEndTime": 1570063639538,
                "thinkTime": 0.0,
                "wastedTime": 0.0
            }
        ]
    }
]