[
    {
        "actionName": "Action",
        "steps": [],
        "transactions": [
            {
                "transactionName": "TRXN01_SRL_Testing",
                "rawStartTime": 1570063590057,
                "rawEndTime": 1570063591128,
                "thinkTime": 0.0,
                "wastedTime": 0.0
            },
            {
                "transactionName": "TRXN01_SRL_Testing_2",
                "rawStartTime": 1570063591964,
                "rawEndTime": 1570063592245,
                "thinkTime": 0.0,
                "wastedTime": 0.0
            },
            {
                "transactionName": "TRXN01_SRL_Testing_3",
                "rawStartTime": 1570063592698,
                "rawEndTime": 1570063593237,
                "thinkTime": 0.0,
                "wastedTime": 0.0
            }
        ]
    }
]