[
    {
        "actionName": "Action",
        "steps": [],
        "transactions": [
            {
                "transactionName": "TRXN01_SRL_Testing",
                "rawStartTime": 1570063068981,
                "rawEndTime": 1570063069377,
                "thinkTime": 0.0,
                "wastedTime": 0.0
            },
            {
                "transactionName": "TRXN01_SRL_Testing_2",
                "rawStartTime": 1570063070217,
                "rawEndTime": 1570063070578,
                "thinkTime": 0.0,
                "wastedTime": 0.0
            },
            {
                "transactionName": "TRXN01_SRL_Testing_3",
                "rawStartTime": 1570063071224,
                "rawEndTime": 1570063071718,
                "thinkTime": 0.0,
                "wastedTime": 0.0
            }
        ]
    }
]