[
    {
        "actionName": "Action",
        "steps": [],
        "transactions": [
            {
                "transactionName": "TRXN01_SRL_Testing",
                "rawStartTime": 1570064001061,
                "rawEndTime": 1570064001346,
                "thinkTime": 0.0,
                "wastedTime": 0.0
            },
            {
                "transactionName": "TRXN01_SRL_Testing_2",
                "rawStartTime": 1570064001954,
                "rawEndTime": 1570064002342,
                "thinkTime": 0.0,
                "wastedTime": 0.0
            },
            {
                "transactionName": "TRXN01_SRL_Testing_3",
                "rawStartTime": 1570064002959,
                "rawEndTime": 1570064003323,
                "thinkTime": 0.0,
                "wastedTime": 0.0
            }
        ]
    }
]