[
    {
        "actionName": "Action",
        "steps": [],
        "transactions": [
            {
                "transactionName": "TRXN01_SRL_Testing",
                "rawStartTime": 1570064116861,
                "rawEndTime": 1570064117270,
                "thinkTime": 0.0,
                "wastedTime": 0.0
            },
            {
                "transactionName": "TRXN01_SRL_Testing_2",
                "rawStartTime": 1570064117894,
                "rawEndTime": 1570064118198,
                "thinkTime": 0.0,
                "wastedTime": 0.0
            },
            {
                "transactionName": "TRXN01_SRL_Testing_3",
                "rawStartTime": 1570064118832,
                "rawEndTime": 1570064119271,
                "thinkTime": 0.0,
                "wastedTime": 0.0
            }
        ]
    }
]