[
    {
        "actionName": "Action",
        "steps": [],
        "transactions": [
            {
                "transactionName": "TRXN01_SRL_Testing",
                "rawStartTime": 1570063348833,
                "rawEndTime": 1570063349176,
                "thinkTime": 0.0,
                "wastedTime": 0.0
            },
            {
                "transactionName": "TRXN01_SRL_Testing_2",
                "rawStartTime": 1570063350087,
                "rawEndTime": 1570063350687,
                "thinkTime": 0.0,
                "wastedTime": 0.0
            },
            {
                "transactionName": "TRXN01_SRL_Testing_3",
                "rawStartTime": 1570063351561,
                "rawEndTime": 1570063351850,
                "thinkTime": 0.0,
                "wastedTime": 0.0
            }
        ]
    }
]