[
    {
        "actionName": "Action",
        "steps": [],
        "transactions": [
            {
                "transactionName": "TRXN01_SRL_Testing",
                "rawStartTime": 1570063797555,
                "rawEndTime": 1570063798370,
                "thinkTime": 0.0,
                "wastedTime": 0.0
            },
            {
                "transactionName": "TRXN01_SRL_Testing_2",
                "rawStartTime": 1570063799327,
                "rawEndTime": 1570063799704,
                "thinkTime": 0.0,
                "wastedTime": 0.0
            },
            {
                "transactionName": "TRXN01_SRL_Testing_3",
                "rawStartTime": 1570063800880,
                "rawEndTime": 1570063801538,
                "thinkTime": 0.0,
                "wastedTime": 0.0
            }
        ]
    }
]