[
    {
        "actionName": "Action",
        "steps": [],
        "transactions": [
            {
                "transactionName": "TRXN01_SRL_Testing",
                "rawStartTime": 1570062820583,
                "rawEndTime": 1570062820809,
                "thinkTime": 0.0,
                "wastedTime": 0.0
            },
            {
                "transactionName": "TRXN01_SRL_Testing_2",
                "rawStartTime": 1570062821410,
                "rawEndTime": 1570062821707,
                "thinkTime": 0.0,
                "wastedTime": 0.0
            },
            {
                "transactionName": "TRXN01_SRL_Testing_3",
                "rawStartTime": 1570062822454,
                "rawEndTime": 1570062822737,
                "thinkTime": 0.0,
                "wastedTime": 0.0
            }
        ]
    }
]