[
    {
        "actionName": "Action",
        "steps": [],
        "transactions": [
            {
                "transactionName": "TRXN01_SRL_Testing",
                "rawStartTime": 1570063302939,
                "rawEndTime": 1570063303417,
                "thinkTime": 0.0,
                "wastedTime": 0.0
            },
            {
                "transactionName": "TRXN01_SRL_Testing_2",
                "rawStartTime": 1570063303866,
                "rawEndTime": 1570063304146,
                "thinkTime": 0.0,
                "wastedTime": 0.0
            },
            {
                "transactionName": "TRXN01_SRL_Testing_3",
                "rawStartTime": 1570063304930,
                "rawEndTime": 1570063305739,
                "thinkTime": 0.0,
                "wastedTime": 0.0
            }
        ]
    }
]