[
    {
        "actionName": "Action",
        "steps": [],
        "transactions": [
            {
                "transactionName": "TRXN01_SRL_Testing",
                "rawStartTime": 1570063257314,
                "rawEndTime": 1570063257557,
                "thinkTime": 0.0,
                "wastedTime": 0.0
            },
            {
                "transactionName": "TRXN01_SRL_Testing_2",
                "rawStartTime": 1570063258822,
                "rawEndTime": 1570063259310,
                "thinkTime": 0.0,
                "wastedTime": 0.0
            },
            {
                "transactionName": "TRXN01_SRL_Testing_3",
                "rawStartTime": 1570063260286,
                "rawEndTime": 1570063261022,
                "thinkTime": 0.0,
                "wastedTime": 0.0
            }
        ]
    }
]