[
    {
        "actionName": "Action",
        "steps": [],
        "transactions": [
            {
                "transactionName": "TRXN01_SRL_Testing",
                "rawStartTime": 1570063365915,
                "rawEndTime": 1570063366392,
                "thinkTime": 0.0,
                "wastedTime": 0.0
            },
            {
                "transactionName": "TRXN01_SRL_Testing_2",
                "rawStartTime": 1570063366842,
                "rawEndTime": 1570063367173,
                "thinkTime": 0.0,
                "wastedTime": 0.0
            },
            {
                "transactionName": "TRXN01_SRL_Testing_3",
                "rawStartTime": 1570063367917,
                "rawEndTime": 1570063368212,
                "thinkTime": 0.0,
                "wastedTime": 0.0
            }
        ]
    }
]