[
    {
        "actionName": "Action",
        "steps": [],
        "transactions": [
            {
                "transactionName": "TRXN01_SRL_Testing",
                "rawStartTime": 1570063775158,
                "rawEndTime": 1570063775626,
                "thinkTime": 0.0,
                "wastedTime": 0.0
            },
            {
                "transactionName": "TRXN01_SRL_Testing_2",
                "rawStartTime": 1570063776381,
                "rawEndTime": 1570063776721,
                "thinkTime": 0.0,
                "wastedTime": 0.0
            },
            {
                "transactionName": "TRXN01_SRL_Testing_3",
                "rawStartTime": 1570063777517,
                "rawEndTime": 1570063777828,
                "thinkTime": 0.0,
                "wastedTime": 0.0
            }
        ]
    }
]