[
    {
        "actionName": "Action",
        "steps": [],
        "transactions": [
            {
                "transactionName": "TRXN01_SRL_Testing",
                "rawStartTime": 1570063315611,
                "rawEndTime": 1570063315995,
                "thinkTime": 0.0,
                "wastedTime": 0.0
            },
            {
                "transactionName": "TRXN01_SRL_Testing_2",
                "rawStartTime": 1570063316455,
                "rawEndTime": 1570063316743,
                "thinkTime": 0.0,
                "wastedTime": 0.0
            },
            {
                "transactionName": "TRXN01_SRL_Testing_3",
                "rawStartTime": 1570063317334,
                "rawEndTime": 1570063317625,
                "thinkTime": 0.0,
                "wastedTime": 0.0
            }
        ]
    }
]