[
    {
        "actionName": "Action",
        "steps": [],
        "transactions": [
            {
                "transactionName": "TRXN01_SRL_Testing",
                "rawStartTime": 1570063969248,
                "rawEndTime": 1570063969681,
                "thinkTime": 0.0,
                "wastedTime": 0.0
            },
            {
                "transactionName": "TRXN01_SRL_Testing_2",
                "rawStartTime": 1570063970449,
                "rawEndTime": 1570063970858,
                "thinkTime": 0.0,
                "wastedTime": 0.0
            },
            {
                "transactionName": "TRXN01_SRL_Testing_3",
                "rawStartTime": 1570063971383,
                "rawEndTime": 1570063971790,
                "thinkTime": 0.0,
                "wastedTime": 0.0
            }
        ]
    }
]