[
    {
        "actionName": "Action",
        "steps": [],
        "transactions": [
            {
                "transactionName": "TRXN01_SRL_Testing",
                "rawStartTime": 1570063793094,
                "rawEndTime": 1570063793404,
                "thinkTime": 0.0,
                "wastedTime": 0.0
            },
            {
                "transactionName": "TRXN01_SRL_Testing_2",
                "rawStartTime": 1570063794057,
                "rawEndTime": 1570063794353,
                "thinkTime": 0.0,
                "wastedTime": 0.0
            },
            {
                "transactionName": "TRXN01_SRL_Testing_3",
                "rawStartTime": 1570063795308,
                "rawEndTime": 1570063795586,
                "thinkTime": 0.0,
                "wastedTime": 0.0
            }
        ]
    }
]