[
    {
        "actionName": "Action",
        "steps": [],
        "transactions": [
            {
                "transactionName": "TRXN01_SRL_Testing",
                "rawStartTime": 1570063454667,
                "rawEndTime": 1570063455720,
                "thinkTime": 0.0,
                "wastedTime": 0.0
            },
            {
                "transactionName": "TRXN01_SRL_Testing_2",
                "rawStartTime": 1570063456500,
                "rawEndTime": 1570063456760,
                "thinkTime": 0.0,
                "wastedTime": 0.0
            },
            {
                "transactionName": "TRXN01_SRL_Testing_3",
                "rawStartTime": 1570063457413,
                "rawEndTime": 1570063457758,
                "thinkTime": 0.0,
                "wastedTime": 0.0
            }
        ]
    }
]