[
    {
        "actionName": "Action",
        "steps": [],
        "transactions": [
            {
                "transactionName": "TRXN01_SRL_Testing",
                "rawStartTime": 1570063875057,
                "rawEndTime": 1570063876349,
                "thinkTime": 0.0,
                "wastedTime": 0.0
            },
            {
                "transactionName": "TRXN01_SRL_Testing_2",
                "rawStartTime": 1570063877733,
                "rawEndTime": 1570063878402,
                "thinkTime": 0.0,
                "wastedTime": 0.0
            },
            {
                "transactionName": "TRXN01_SRL_Testing_3",
                "rawStartTime": 1570063879627,
                "rawEndTime": 1570063880240,
                "thinkTime": 0.0,
                "wastedTime": 0.0
            }
        ]
    }
]