[
    {
        "actionName": "Action",
        "steps": [],
        "transactions": [
            {
                "transactionName": "TRXN01_SRL_Testing",
                "rawStartTime": 1570063166069,
                "rawEndTime": 1570063166337,
                "thinkTime": 0.0,
                "wastedTime": 0.0
            },
            {
                "transactionName": "TRXN01_SRL_Testing_2",
                "rawStartTime": 1570063166942,
                "rawEndTime": 1570063167369,
                "thinkTime": 0.0,
                "wastedTime": 0.0
            },
            {
                "transactionName": "TRXN01_SRL_Testing_3",
                "rawStartTime": 1570063167945,
                "rawEndTime": 1570063168207,
                "thinkTime": 0.0,
                "wastedTime": 0.0
            }
        ]
    }
]