[
    {
        "actionName": "Action",
        "steps": [],
        "transactions": [
            {
                "transactionName": "TRXN01_SRL_Testing",
                "rawStartTime": 1570062791865,
                "rawEndTime": 1570062792231,
                "thinkTime": 0.0,
                "wastedTime": 0.0
            },
            {
                "transactionName": "TRXN01_SRL_Testing_2",
                "rawStartTime": 1570062792917,
                "rawEndTime": 1570062793404,
                "thinkTime": 0.0,
                "wastedTime": 0.0
            },
            {
                "transactionName": "TRXN01_SRL_Testing_3",
                "rawStartTime": 1570062794004,
                "rawEndTime": 1570062794485,
                "thinkTime": 0.0,
                "wastedTime": 0.0
            }
        ]
    }
]