[
    {
        "actionName": "Action",
        "steps": [],
        "transactions": [
            {
                "transactionName": "TRXN01_SRL_Testing",
                "rawStartTime": 1570063766080,
                "rawEndTime": 1570063766654,
                "thinkTime": 0.0,
                "wastedTime": 0.0
            },
            {
                "transactionName": "TRXN01_SRL_Testing_2",
                "rawStartTime": 1570063767188,
                "rawEndTime": 1570063767602,
                "thinkTime": 0.0,
                "wastedTime": 0.0
            },
            {
                "transactionName": "TRXN01_SRL_Testing_3",
                "rawStartTime": 1570063768161,
                "rawEndTime": 1570063768556,
                "thinkTime": 0.0,
                "wastedTime": 0.0
            }
        ]
    }
]