[
    {
        "actionName": "Action",
        "steps": [],
        "transactions": [
            {
                "transactionName": "TRXN01_SRL_Testing",
                "rawStartTime": 1570063240578,
                "rawEndTime": 1570063240936,
                "thinkTime": 0.0,
                "wastedTime": 0.0
            },
            {
                "transactionName": "TRXN01_SRL_Testing_2",
                "rawStartTime": 1570063241502,
                "rawEndTime": 1570063241840,
                "thinkTime": 0.0,
                "wastedTime": 0.0
            },
            {
                "transactionName": "TRXN01_SRL_Testing_3",
                "rawStartTime": 1570063242441,
                "rawEndTime": 1570063242871,
                "thinkTime": 0.0,
                "wastedTime": 0.0
            }
        ]
    }
]