[
    {
        "actionName": "Action",
        "steps": [],
        "transactions": [
            {
                "transactionName": "TRXN01_SRL_Testing",
                "rawStartTime": 1570063551619,
                "rawEndTime": 1570063551944,
                "thinkTime": 0.0,
                "wastedTime": 0.0
            },
            {
                "transactionName": "TRXN01_SRL_Testing_2",
                "rawStartTime": 1570063552627,
                "rawEndTime": 1570063552897,
                "thinkTime": 0.0,
                "wastedTime": 0.0
            },
            {
                "transactionName": "TRXN01_SRL_Testing_3",
                "rawStartTime": 1570063553697,
                "rawEndTime": 1570063553968,
                "thinkTime": 0.0,
                "wastedTime": 0.0
            }
        ]
    }
]