[
    {
        "actionName": "Action",
        "steps": [],
        "transactions": [
            {
                "transactionName": "TRXN01_SRL_Testing",
                "rawStartTime": 1570063645915,
                "rawEndTime": 1570063646365,
                "thinkTime": 0.0,
                "wastedTime": 0.0
            },
            {
                "transactionName": "TRXN01_SRL_Testing_2",
                "rawStartTime": 1570063646866,
                "rawEndTime": 1570063647188,
                "thinkTime": 0.0,
                "wastedTime": 0.0
            },
            {
                "transactionName": "TRXN01_SRL_Testing_3",
                "rawStartTime": 1570063647896,
                "rawEndTime": 1570063648152,
                "thinkTime": 0.0,
                "wastedTime": 0.0
            }
        ]
    }
]