[
    {
        "actionName": "Action",
        "steps": [],
        "transactions": [
            {
                "transactionName": "TRXN01_SRL_Testing",
                "rawStartTime": 1570064078983,
                "rawEndTime": 1570064079293,
                "thinkTime": 0.0,
                "wastedTime": 0.0
            },
            {
                "transactionName": "TRXN01_SRL_Testing_2",
                "rawStartTime": 1570064080069,
                "rawEndTime": 1570064080433,
                "thinkTime": 0.0,
                "wastedTime": 0.0
            },
            {
                "transactionName": "TRXN01_SRL_Testing_3",
                "rawStartTime": 1570064081850,
                "rawEndTime": 1570064082160,
                "thinkTime": 0.0,
                "wastedTime": 0.0
            }
        ]
    }
]