[
    {
        "actionName": "Action",
        "steps": [],
        "transactions": [
            {
                "transactionName": "TRXN01_SRL_Testing",
                "rawStartTime": 1570063139199,
                "rawEndTime": 1570063139546,
                "thinkTime": 0.0,
                "wastedTime": 0.0
            },
            {
                "transactionName": "TRXN01_SRL_Testing_2",
                "rawStartTime": 1570063141180,
                "rawEndTime": 1570063141497,
                "thinkTime": 0.0,
                "wastedTime": 0.0
            },
            {
                "transactionName": "TRXN01_SRL_Testing_3",
                "rawStartTime": 1570063142059,
                "rawEndTime": 1570063142327,
                "thinkTime": 0.0,
                "wastedTime": 0.0
            }
        ]
    }
]