[
    {
        "actionName": "Action",
        "steps": [],
        "transactions": [
            {
                "transactionName": "TRXN01_SRL_Testing",
                "rawStartTime": 1570063844773,
                "rawEndTime": 1570063845719,
                "thinkTime": 0.0,
                "wastedTime": 0.0
            },
            {
                "transactionName": "TRXN01_SRL_Testing_2",
                "rawStartTime": 1570063846467,
                "rawEndTime": 1570063846802,
                "thinkTime": 0.0,
                "wastedTime": 0.0
            },
            {
                "transactionName": "TRXN01_SRL_Testing_3",
                "rawStartTime": 1570063847362,
                "rawEndTime": 1570063847655,
                "thinkTime": 0.0,
                "wastedTime": 0.0
            }
        ]
    }
]