[
    {
        "actionName": "Action",
        "steps": [],
        "transactions": [
            {
                "transactionName": "TRXN01_SRL_Testing",
                "rawStartTime": 1570063705574,
                "rawEndTime": 1570063705909,
                "thinkTime": 0.0,
                "wastedTime": 0.0
            },
            {
                "transactionName": "TRXN01_SRL_Testing_2",
                "rawStartTime": 1570063706485,
                "rawEndTime": 1570063706739,
                "thinkTime": 0.0,
                "wastedTime": 0.0
            },
            {
                "transactionName": "TRXN01_SRL_Testing_3",
                "rawStartTime": 1570063707376,
                "rawEndTime": 1570063707752,
                "thinkTime": 0.0,
                "wastedTime": 0.0
            }
        ]
    }
]