[
    {
        "actionName": "Action",
        "steps": [],
        "transactions": [
            {
                "transactionName": "TRXN01_SRL_Testing",
                "rawStartTime": 1570063973299,
                "rawEndTime": 1570063973741,
                "thinkTime": 0.0,
                "wastedTime": 0.0
            },
            {
                "transactionName": "TRXN01_SRL_Testing_2",
                "rawStartTime": 1570063974398,
                "rawEndTime": 1570063975192,
                "thinkTime": 0.0,
                "wastedTime": 0.0
            },
            {
                "transactionName": "TRXN01_SRL_Testing_3",
                "rawStartTime": 1570063975787,
                "rawEndTime": 1570063976216,
                "thinkTime": 0.0,
                "wastedTime": 0.0
            }
        ]
    }
]