[
    {
        "actionName": "Action",
        "steps": [],
        "transactions": [
            {
                "transactionName": "TRXN01_SRL_Testing",
                "rawStartTime": 1570064040051,
                "rawEndTime": 1570064040657,
                "thinkTime": 0.0,
                "wastedTime": 0.0
            },
            {
                "transactionName": "TRXN01_SRL_Testing_2",
                "rawStartTime": 1570064041740,
                "rawEndTime": 1570064042158,
                "thinkTime": 0.0,
                "wastedTime": 0.0
            },
            {
                "transactionName": "TRXN01_SRL_Testing_3",
                "rawStartTime": 1570064042697,
                "rawEndTime": 1570064042969,
                "thinkTime": 0.0,
                "wastedTime": 0.0
            }
        ]
    }
]