[
    {
        "actionName": "Action",
        "steps": [],
        "transactions": [
            {
                "transactionName": "TRXN01_SRL_Testing",
                "rawStartTime": 1570062828358,
                "rawEndTime": 1570062828719,
                "thinkTime": 0.0,
                "wastedTime": 0.0
            },
            {
                "transactionName": "TRXN01_SRL_Testing_2",
                "rawStartTime": 1570062829260,
                "rawEndTime": 1570062829581,
                "thinkTime": 0.0,
                "wastedTime": 0.0
            },
            {
                "transactionName": "TRXN01_SRL_Testing_3",
                "rawStartTime": 1570062830598,
                "rawEndTime": 1570062830882,
                "thinkTime": 0.0,
                "wastedTime": 0.0
            }
        ]
    }
]