[
    {
        "actionName": "Action",
        "steps": [],
        "transactions": [
            {
                "transactionName": "TRXN01_SRL_Testing",
                "rawStartTime": 1570063594819,
                "rawEndTime": 1570063595203,
                "thinkTime": 0.0,
                "wastedTime": 0.0
            },
            {
                "transactionName": "TRXN01_SRL_Testing_2",
                "rawStartTime": 1570063595884,
                "rawEndTime": 1570063596218,
                "thinkTime": 0.0,
                "wastedTime": 0.0
            },
            {
                "transactionName": "TRXN01_SRL_Testing_3",
                "rawStartTime": 1570063596733,
                "rawEndTime": 1570063597195,
                "thinkTime": 0.0,
                "wastedTime": 0.0
            }
        ]
    }
]