[
    {
        "actionName": "Action",
        "steps": [],
        "transactions": [
            {
                "transactionName": "TRXN01_SRL_Testing",
                "rawStartTime": 1570063174410,
                "rawEndTime": 1570063174951,
                "thinkTime": 0.0,
                "wastedTime": 0.0
            },
            {
                "transactionName": "TRXN01_SRL_Testing_2",
                "rawStartTime": 1570063175901,
                "rawEndTime": 1570063176198,
                "thinkTime": 0.0,
                "wastedTime": 0.0
            },
            {
                "transactionName": "TRXN01_SRL_Testing_3",
                "rawStartTime": 1570063176777,
                "rawEndTime": 1570063177204,
                "thinkTime": 0.0,
                "wastedTime": 0.0
            }
        ]
    }
]