[
    {
        "actionName": "Action",
        "steps": [],
        "transactions": [
            {
                "transactionName": "TRXN01_SRL_Testing",
                "rawStartTime": 1570062875848,
                "rawEndTime": 1570062876352,
                "thinkTime": 0.0,
                "wastedTime": 0.0
            },
            {
                "transactionName": "TRXN01_SRL_Testing_2",
                "rawStartTime": 1570062876941,
                "rawEndTime": 1570062877270,
                "thinkTime": 0.0,
                "wastedTime": 0.0
            },
            {
                "transactionName": "TRXN01_SRL_Testing_3",
                "rawStartTime": 1570062877867,
                "rawEndTime": 1570062878295,
                "thinkTime": 0.0,
                "wastedTime": 0.0
            }
        ]
    }
]