[
    {
        "actionName": "Action",
        "steps": [],
        "transactions": [
            {
                "transactionName": "TRXN01_SRL_Testing",
                "rawStartTime": 1570064112099,
                "rawEndTime": 1570064112529,
                "thinkTime": 0.0,
                "wastedTime": 0.0
            },
            {
                "transactionName": "TRXN01_SRL_Testing_2",
                "rawStartTime": 1570064113092,
                "rawEndTime": 1570064113604,
                "thinkTime": 0.0,
                "wastedTime": 0.0
            },
            {
                "transactionName": "TRXN01_SRL_Testing_3",
                "rawStartTime": 1570064114209,
                "rawEndTime": 1570064114524,
                "thinkTime": 0.0,
                "wastedTime": 0.0
            }
        ]
    }
]