﻿<DataObject comparison="Ordinal">
  <Section id="">
    <Subsections>
      <Section id="General">
        <Subsections />
        <Entries>
          <Entry key="ElapsedTime">
            <double>1806.390042</double>
          </Entry>
          <Entry key="StartedAt">
            <dateTime>2019-10-02T18:32:57.8495249-06:00</dateTime>
          </Entry>
          <Entry key="EndedAt">
            <dateTime>2019-10-02T19:03:04.2395669-06:00</dateTime>
          </Entry>
          <Entry key="ReplayStatus">
            <LastReplayRunStatus>Passed</LastReplayRunStatus>
          </Entry>
          <Entry key="NumberOfReplayErrors">
            <int>1920</int>
          </Entry>
          <Entry key="NumberOfReplayCriticalErrors">
            <int>0</int>
          </Entry>
          <Entry key="NumberOfCompilationErrors">
            <int>0</int>
          </Entry>
        </Entries>
      </Section>
    </Subsections>
    <Entries>
      <Entry key="Iterations">
        <int>320</int>
      </Entry>
    </Entries>
  </Section>
</DataObject>