[
    {
        "actionName": "Action",
        "steps": [],
        "transactions": [
            {
                "transactionName": "TRXN01_SRL_Testing",
                "rawStartTime": 1570062800639,
                "rawEndTime": 1570062801014,
                "thinkTime": 0.0,
                "wastedTime": 0.0
            },
            {
                "transactionName": "TRXN01_SRL_Testing_2",
                "rawStartTime": 1570062801780,
                "rawEndTime": 1570062802162,
                "thinkTime": 0.0,
                "wastedTime": 0.0
            },
            {
                "transactionName": "TRXN01_SRL_Testing_3",
                "rawStartTime": 1570062802753,
                "rawEndTime": 1570062803008,
                "thinkTime": 0.0,
                "wastedTime": 0.0
            }
        ]
    }
]