[
    {
        "actionName": "Action",
        "steps": [],
        "transactions": [
            {
                "transactionName": "TRXN01_SRL_Testing",
                "rawStartTime": 1570063951926,
                "rawEndTime": 1570063952216,
                "thinkTime": 0.0,
                "wastedTime": 0.0
            },
            {
                "transactionName": "TRXN01_SRL_Testing_2",
                "rawStartTime": 1570063952867,
                "rawEndTime": 1570063953480,
                "thinkTime": 0.0,
                "wastedTime": 0.0
            },
            {
                "transactionName": "TRXN01_SRL_Testing_3",
                "rawStartTime": 1570063954063,
                "rawEndTime": 1570063954593,
                "thinkTime": 0.0,
                "wastedTime": 0.0
            }
        ]
    }
]