[
    {
        "actionName": "Action",
        "steps": [],
        "transactions": [
            {
                "transactionName": "TRXN01_SRL_Testing",
                "rawStartTime": 1570063432827,
                "rawEndTime": 1570063433110,
                "thinkTime": 0.0,
                "wastedTime": 0.0
            },
            {
                "transactionName": "TRXN01_SRL_Testing_2",
                "rawStartTime": 1570063433778,
                "rawEndTime": 1570063434151,
                "thinkTime": 0.0,
                "wastedTime": 0.0
            },
            {
                "transactionName": "TRXN01_SRL_Testing_3",
                "rawStartTime": 1570063435025,
                "rawEndTime": 1570063435447,
                "thinkTime": 0.0,
                "wastedTime": 0.0
            }
        ]
    }
]