[
    {
        "actionName": "Action",
        "steps": [],
        "transactions": [
            {
                "transactionName": "TRXN01_SRL_Testing",
                "rawStartTime": 1570063836070,
                "rawEndTime": 1570063836463,
                "thinkTime": 0.0,
                "wastedTime": 0.0
            },
            {
                "transactionName": "TRXN01_SRL_Testing_2",
                "rawStartTime": 1570063836944,
                "rawEndTime": 1570063837520,
                "thinkTime": 0.0,
                "wastedTime": 0.0
            },
            {
                "transactionName": "TRXN01_SRL_Testing_3",
                "rawStartTime": 1570063838018,
                "rawEndTime": 1570063838445,
                "thinkTime": 0.0,
                "wastedTime": 0.0
            }
        ]
    }
]