[
    {
        "actionName": "Action",
        "steps": [],
        "transactions": [
            {
                "transactionName": "TRXN01_SRL_Testing",
                "rawStartTime": 1570063099537,
                "rawEndTime": 1570063100055,
                "thinkTime": 0.0,
                "wastedTime": 0.0
            },
            {
                "transactionName": "TRXN01_SRL_Testing_2",
                "rawStartTime": 1570063100838,
                "rawEndTime": 1570063101188,
                "thinkTime": 0.0,
                "wastedTime": 0.0
            },
            {
                "transactionName": "TRXN01_SRL_Testing_3",
                "rawStartTime": 1570063101816,
                "rawEndTime": 1570063102208,
                "thinkTime": 0.0,
                "wastedTime": 0.0
            }
        ]
    }
]