[
    {
        "actionName": "Action",
        "steps": [],
        "transactions": [
            {
                "transactionName": "TRXN01_SRL_Testing",
                "rawStartTime": 1570064017961,
                "rawEndTime": 1570064018265,
                "thinkTime": 0.0,
                "wastedTime": 0.0
            },
            {
                "transactionName": "TRXN01_SRL_Testing_2",
                "rawStartTime": 1570064019088,
                "rawEndTime": 1570064019392,
                "thinkTime": 0.0,
                "wastedTime": 0.0
            },
            {
                "transactionName": "TRXN01_SRL_Testing_3",
                "rawStartTime": 1570064020155,
                "rawEndTime": 1570064020615,
                "thinkTime": 0.0,
                "wastedTime": 0.0
            }
        ]
    }
]