[
    {
        "actionName": "Action",
        "steps": [],
        "transactions": [
            {
                "transactionName": "TRXN01_SRL_Testing",
                "rawStartTime": 1570062804427,
                "rawEndTime": 1570062804901,
                "thinkTime": 0.0,
                "wastedTime": 0.0
            },
            {
                "transactionName": "TRXN01_SRL_Testing_2",
                "rawStartTime": 1570062805551,
                "rawEndTime": 1570062805848,
                "thinkTime": 0.0,
                "wastedTime": 0.0
            },
            {
                "transactionName": "TRXN01_SRL_Testing_3",
                "rawStartTime": 1570062806409,
                "rawEndTime": 1570062806654,
                "thinkTime": 0.0,
                "wastedTime": 0.0
            }
        ]
    }
]