[
    {
        "actionName": "Action",
        "steps": [],
        "transactions": [
            {
                "transactionName": "TRXN01_SRL_Testing",
                "rawStartTime": 1570063331955,
                "rawEndTime": 1570063332331,
                "thinkTime": 0.0,
                "wastedTime": 0.0
            },
            {
                "transactionName": "TRXN01_SRL_Testing_2",
                "rawStartTime": 1570063332832,
                "rawEndTime": 1570063333130,
                "thinkTime": 0.0,
                "wastedTime": 0.0
            },
            {
                "transactionName": "TRXN01_SRL_Testing_3",
                "rawStartTime": 1570063333680,
                "rawEndTime": 1570063333970,
                "thinkTime": 0.0,
                "wastedTime": 0.0
            }
        ]
    }
]