[
    {
        "actionName": "Action",
        "steps": [],
        "transactions": [
            {
                "transactionName": "TRXN01_SRL_Testing",
                "rawStartTime": 1570063666562,
                "rawEndTime": 1570063666908,
                "thinkTime": 0.0,
                "wastedTime": 0.0
            },
            {
                "transactionName": "TRXN01_SRL_Testing_2",
                "rawStartTime": 1570063667590,
                "rawEndTime": 1570063668031,
                "thinkTime": 0.0,
                "wastedTime": 0.0
            },
            {
                "transactionName": "TRXN01_SRL_Testing_3",
                "rawStartTime": 1570063668702,
                "rawEndTime": 1570063669001,
                "thinkTime": 0.0,
                "wastedTime": 0.0
            }
        ]
    }
]