[
    {
        "actionName": "Action",
        "steps": [],
        "transactions": [
            {
                "transactionName": "TRXN01_SRL_Testing",
                "rawStartTime": 1570064084319,
                "rawEndTime": 1570064084714,
                "thinkTime": 0.0,
                "wastedTime": 0.0
            },
            {
                "transactionName": "TRXN01_SRL_Testing_2",
                "rawStartTime": 1570064085850,
                "rawEndTime": 1570064086489,
                "thinkTime": 0.0,
                "wastedTime": 0.0
            },
            {
                "transactionName": "TRXN01_SRL_Testing_3",
                "rawStartTime": 1570064087142,
                "rawEndTime": 1570064087494,
                "thinkTime": 0.0,
                "wastedTime": 0.0
            }
        ]
    }
]