[
    {
        "actionName": "Action",
        "steps": [],
        "transactions": [
            {
                "transactionName": "TRXN01_SRL_Testing",
                "rawStartTime": 1570062849990,
                "rawEndTime": 1570062850426,
                "thinkTime": 0.0,
                "wastedTime": 0.0
            },
            {
                "transactionName": "TRXN01_SRL_Testing_2",
                "rawStartTime": 1570062851179,
                "rawEndTime": 1570062851433,
                "thinkTime": 0.0,
                "wastedTime": 0.0
            },
            {
                "transactionName": "TRXN01_SRL_Testing_3",
                "rawStartTime": 1570062852266,
                "rawEndTime": 1570062852538,
                "thinkTime": 0.0,
                "wastedTime": 0.0
            }
        ]
    }
]