[
    {
        "actionName": "Action",
        "steps": [],
        "transactions": [
            {
                "transactionName": "TRXN01_SRL_Testing",
                "rawStartTime": 1570063903739,
                "rawEndTime": 1570063904196,
                "thinkTime": 0.0,
                "wastedTime": 0.0
            },
            {
                "transactionName": "TRXN01_SRL_Testing_2",
                "rawStartTime": 1570063904805,
                "rawEndTime": 1570063905563,
                "thinkTime": 0.0,
                "wastedTime": 0.0
            },
            {
                "transactionName": "TRXN01_SRL_Testing_3",
                "rawStartTime": 1570063906142,
                "rawEndTime": 1570063906440,
                "thinkTime": 0.0,
                "wastedTime": 0.0
            }
        ]
    }
]