[
    {
        "actionName": "Action",
        "steps": [],
        "transactions": [
            {
                "transactionName": "TRXN01_SRL_Testing",
                "rawStartTime": 1570063929271,
                "rawEndTime": 1570063929778,
                "thinkTime": 0.0,
                "wastedTime": 0.0
            },
            {
                "transactionName": "TRXN01_SRL_Testing_2",
                "rawStartTime": 1570063930375,
                "rawEndTime": 1570063930806,
                "thinkTime": 0.0,
                "wastedTime": 0.0
            },
            {
                "transactionName": "TRXN01_SRL_Testing_3",
                "rawStartTime": 1570063931579,
                "rawEndTime": 1570063931926,
                "thinkTime": 0.0,
                "wastedTime": 0.0
            }
        ]
    }
]