[
    {
        "actionName": "Action",
        "steps": [],
        "transactions": [
            {
                "transactionName": "TRXN01_SRL_Testing",
                "rawStartTime": 1570063525212,
                "rawEndTime": 1570063525463,
                "thinkTime": 0.0,
                "wastedTime": 0.0
            },
            {
                "transactionName": "TRXN01_SRL_Testing_2",
                "rawStartTime": 1570063526139,
                "rawEndTime": 1570063526493,
                "thinkTime": 0.0,
                "wastedTime": 0.0
            },
            {
                "transactionName": "TRXN01_SRL_Testing_3",
                "rawStartTime": 1570063526976,
                "rawEndTime": 1570063527431,
                "thinkTime": 0.0,
                "wastedTime": 0.0
            }
        ]
    }
]