[
    {
        "actionName": "Action",
        "steps": [],
        "transactions": [
            {
                "transactionName": "TRXN01_SRL_Testing",
                "rawStartTime": 1570064061864,
                "rawEndTime": 1570064062306,
                "thinkTime": 0.0,
                "wastedTime": 0.0
            },
            {
                "transactionName": "TRXN01_SRL_Testing_2",
                "rawStartTime": 1570064062844,
                "rawEndTime": 1570064063343,
                "thinkTime": 0.0,
                "wastedTime": 0.0
            },
            {
                "transactionName": "TRXN01_SRL_Testing_3",
                "rawStartTime": 1570064063943,
                "rawEndTime": 1570064064255,
                "thinkTime": 0.0,
                "wastedTime": 0.0
            }
        ]
    }
]