[
    {
        "actionName": "Action",
        "steps": [],
        "transactions": [
            {
                "transactionName": "TRXN01_SRL_Testing",
                "rawStartTime": 1570063152876,
                "rawEndTime": 1570063153218,
                "thinkTime": 0.0,
                "wastedTime": 0.0
            },
            {
                "transactionName": "TRXN01_SRL_Testing_2",
                "rawStartTime": 1570063153953,
                "rawEndTime": 1570063154273,
                "thinkTime": 0.0,
                "wastedTime": 0.0
            },
            {
                "transactionName": "TRXN01_SRL_Testing_3",
                "rawStartTime": 1570063155397,
                "rawEndTime": 1570063155756,
                "thinkTime": 0.0,
                "wastedTime": 0.0
            }
        ]
    }
]