[
    {
        "actionName": "Action",
        "steps": [],
        "transactions": [
            {
                "transactionName": "TRXN01_SRL_Testing",
                "rawStartTime": 1570063831611,
                "rawEndTime": 1570063832093,
                "thinkTime": 0.0,
                "wastedTime": 0.0
            },
            {
                "transactionName": "TRXN01_SRL_Testing_2",
                "rawStartTime": 1570063832604,
                "rawEndTime": 1570063832904,
                "thinkTime": 0.0,
                "wastedTime": 0.0
            },
            {
                "transactionName": "TRXN01_SRL_Testing_3",
                "rawStartTime": 1570063833530,
                "rawEndTime": 1570063833885,
                "thinkTime": 0.0,
                "wastedTime": 0.0
            }
        ]
    }
]