[
    {
        "actionName": "Action",
        "steps": [],
        "transactions": [
            {
                "transactionName": "TRXN01_SRL_Testing",
                "rawStartTime": 1570063340874,
                "rawEndTime": 1570063341403,
                "thinkTime": 0.0,
                "wastedTime": 0.0
            },
            {
                "transactionName": "TRXN01_SRL_Testing_2",
                "rawStartTime": 1570063342016,
                "rawEndTime": 1570063342296,
                "thinkTime": 0.0,
                "wastedTime": 0.0
            },
            {
                "transactionName": "TRXN01_SRL_Testing_3",
                "rawStartTime": 1570063343015,
                "rawEndTime": 1570063343276,
                "thinkTime": 0.0,
                "wastedTime": 0.0
            }
        ]
    }
]