[
    {
        "actionName": "Action",
        "steps": [],
        "transactions": [
            {
                "transactionName": "TRXN01_SRL_Testing",
                "rawStartTime": 1570063960667,
                "rawEndTime": 1570063961145,
                "thinkTime": 0.0,
                "wastedTime": 0.0
            },
            {
                "transactionName": "TRXN01_SRL_Testing_2",
                "rawStartTime": 1570063961705,
                "rawEndTime": 1570063962010,
                "thinkTime": 0.0,
                "wastedTime": 0.0
            },
            {
                "transactionName": "TRXN01_SRL_Testing_3",
                "rawStartTime": 1570063962562,
                "rawEndTime": 1570063962883,
                "thinkTime": 0.0,
                "wastedTime": 0.0
            }
        ]
    }
]