[
    {
        "actionName": "Action",
        "steps": [],
        "transactions": [
            {
                "transactionName": "TRXN01_SRL_Testing",
                "rawStartTime": 1570063104051,
                "rawEndTime": 1570063104320,
                "thinkTime": 0.0,
                "wastedTime": 0.0
            },
            {
                "transactionName": "TRXN01_SRL_Testing_2",
                "rawStartTime": 1570063105243,
                "rawEndTime": 1570063105531,
                "thinkTime": 0.0,
                "wastedTime": 0.0
            },
            {
                "transactionName": "TRXN01_SRL_Testing_3",
                "rawStartTime": 1570063106170,
                "rawEndTime": 1570063106416,
                "thinkTime": 0.0,
                "wastedTime": 0.0
            }
        ]
    }
]