[
    {
        "actionName": "Action",
        "steps": [],
        "transactions": [
            {
                "transactionName": "TRXN01_SRL_Testing",
                "rawStartTime": 1570064134458,
                "rawEndTime": 1570064135085,
                "thinkTime": 0.0,
                "wastedTime": 0.0
            },
            {
                "transactionName": "TRXN01_SRL_Testing_2",
                "rawStartTime": 1570064135827,
                "rawEndTime": 1570064136141,
                "thinkTime": 0.0,
                "wastedTime": 0.0
            },
            {
                "transactionName": "TRXN01_SRL_Testing_3",
                "rawStartTime": 1570064136773,
                "rawEndTime": 1570064137166,
                "thinkTime": 0.0,
                "wastedTime": 0.0
            }
        ]
    }
]