[
    {
        "actionName": "Action",
        "steps": [],
        "transactions": [
            {
                "transactionName": "TRXN01_SRL_Testing",
                "rawStartTime": 1570063987338,
                "rawEndTime": 1570063987713,
                "thinkTime": 0.0,
                "wastedTime": 0.0
            },
            {
                "transactionName": "TRXN01_SRL_Testing_2",
                "rawStartTime": 1570063988270,
                "rawEndTime": 1570063988732,
                "thinkTime": 0.0,
                "wastedTime": 0.0
            },
            {
                "transactionName": "TRXN01_SRL_Testing_3",
                "rawStartTime": 1570063989286,
                "rawEndTime": 1570063989946,
                "thinkTime": 0.0,
                "wastedTime": 0.0
            }
        ]
    }
]