[
    {
        "actionName": "Action",
        "steps": [],
        "transactions": [
            {
                "transactionName": "TRXN01_SRL_Testing",
                "rawStartTime": 1570063938707,
                "rawEndTime": 1570063939159,
                "thinkTime": 0.0,
                "wastedTime": 0.0
            },
            {
                "transactionName": "TRXN01_SRL_Testing_2",
                "rawStartTime": 1570063940136,
                "rawEndTime": 1570063940421,
                "thinkTime": 0.0,
                "wastedTime": 0.0
            },
            {
                "transactionName": "TRXN01_SRL_Testing_3",
                "rawStartTime": 1570063941013,
                "rawEndTime": 1570063941442,
                "thinkTime": 0.0,
                "wastedTime": 0.0
            }
        ]
    }
]