[
    {
        "actionName": "Action",
        "steps": [],
        "transactions": [
            {
                "transactionName": "TRXN01_SRL_Testing",
                "rawStartTime": 1570063629000,
                "rawEndTime": 1570063629286,
                "thinkTime": 0.0,
                "wastedTime": 0.0
            },
            {
                "transactionName": "TRXN01_SRL_Testing_2",
                "rawStartTime": 1570063630418,
                "rawEndTime": 1570063630715,
                "thinkTime": 0.0,
                "wastedTime": 0.0
            },
            {
                "transactionName": "TRXN01_SRL_Testing_3",
                "rawStartTime": 1570063631696,
                "rawEndTime": 1570063632176,
                "thinkTime": 0.0,
                "wastedTime": 0.0
            }
        ]
    }
]