[
    {
        "actionName": "Action",
        "steps": [],
        "transactions": [
            {
                "transactionName": "TRXN01_SRL_Testing",
                "rawStartTime": 1570062836528,
                "rawEndTime": 1570062836937,
                "thinkTime": 0.0,
                "wastedTime": 0.0
            },
            {
                "transactionName": "TRXN01_SRL_Testing_2",
                "rawStartTime": 1570062837668,
                "rawEndTime": 1570062837922,
                "thinkTime": 0.0,
                "wastedTime": 0.0
            },
            {
                "transactionName": "TRXN01_SRL_Testing_3",
                "rawStartTime": 1570062838639,
                "rawEndTime": 1570062838888,
                "thinkTime": 0.0,
                "wastedTime": 0.0
            }
        ]
    }
]