[
    {
        "actionName": "Action",
        "steps": [],
        "transactions": [
            {
                "transactionName": "TRXN01_SRL_Testing",
                "rawStartTime": 1570063060657,
                "rawEndTime": 1570063060976,
                "thinkTime": 0.0,
                "wastedTime": 0.0
            },
            {
                "transactionName": "TRXN01_SRL_Testing_2",
                "rawStartTime": 1570063061560,
                "rawEndTime": 1570063061918,
                "thinkTime": 0.0,
                "wastedTime": 0.0
            },
            {
                "transactionName": "TRXN01_SRL_Testing_3",
                "rawStartTime": 1570063062416,
                "rawEndTime": 1570063062829,
                "thinkTime": 0.0,
                "wastedTime": 0.0
            }
        ]
    }
]