[
    {
        "actionName": "Action",
        "steps": [],
        "transactions": [
            {
                "transactionName": "TRXN01_SRL_Testing",
                "rawStartTime": 1570063758187,
                "rawEndTime": 1570063758480,
                "thinkTime": 0.0,
                "wastedTime": 0.0
            },
            {
                "transactionName": "TRXN01_SRL_Testing_2",
                "rawStartTime": 1570063759136,
                "rawEndTime": 1570063759462,
                "thinkTime": 0.0,
                "wastedTime": 0.0
            },
            {
                "transactionName": "TRXN01_SRL_Testing_3",
                "rawStartTime": 1570063760435,
                "rawEndTime": 1570063760722,
                "thinkTime": 0.0,
                "wastedTime": 0.0
            }
        ]
    }
]