[
    {
        "actionName": "Action",
        "steps": [],
        "transactions": [
            {
                "transactionName": "TRXN01_SRL_Testing",
                "rawStartTime": 1570064175817,
                "rawEndTime": 1570064176300,
                "thinkTime": 0.0,
                "wastedTime": 0.0
            },
            {
                "transactionName": "TRXN01_SRL_Testing_2",
                "rawStartTime": 1570064177102,
                "rawEndTime": 1570064177407,
                "thinkTime": 0.0,
                "wastedTime": 0.0
            },
            {
                "transactionName": "TRXN01_SRL_Testing_3",
                "rawStartTime": 1570064178210,
                "rawEndTime": 1570064178609,
                "thinkTime": 0.0,
                "wastedTime": 0.0
            }
        ]
    }
]