[
    {
        "actionName": "Action",
        "steps": [],
        "transactions": [
            {
                "transactionName": "TRXN01_SRL_Testing",
                "rawStartTime": 1570063908077,
                "rawEndTime": 1570063908401,
                "thinkTime": 0.0,
                "wastedTime": 0.0
            },
            {
                "transactionName": "TRXN01_SRL_Testing_2",
                "rawStartTime": 1570063908962,
                "rawEndTime": 1570063909298,
                "thinkTime": 0.0,
                "wastedTime": 0.0
            },
            {
                "transactionName": "TRXN01_SRL_Testing_3",
                "rawStartTime": 1570063910365,
                "rawEndTime": 1570063910753,
                "thinkTime": 0.0,
                "wastedTime": 0.0
            }
        ]
    }
]