[
    {
        "actionName": "Action",
        "steps": [],
        "transactions": [
            {
                "transactionName": "TRXN01_SRL_Testing",
                "rawStartTime": 1570063403943,
                "rawEndTime": 1570063404254,
                "thinkTime": 0.0,
                "wastedTime": 0.0
            },
            {
                "transactionName": "TRXN01_SRL_Testing_2",
                "rawStartTime": 1570063405242,
                "rawEndTime": 1570063405647,
                "thinkTime": 0.0,
                "wastedTime": 0.0
            },
            {
                "transactionName": "TRXN01_SRL_Testing_3",
                "rawStartTime": 1570063406283,
                "rawEndTime": 1570063406686,
                "thinkTime": 0.0,
                "wastedTime": 0.0
            }
        ]
    }
]