[
    {
        "actionName": "Action",
        "steps": [],
        "transactions": [
            {
                "transactionName": "TRXN01_SRL_Testing",
                "rawStartTime": 1570063661857,
                "rawEndTime": 1570063662170,
                "thinkTime": 0.0,
                "wastedTime": 0.0
            },
            {
                "transactionName": "TRXN01_SRL_Testing_2",
                "rawStartTime": 1570063662819,
                "rawEndTime": 1570063663330,
                "thinkTime": 0.0,
                "wastedTime": 0.0
            },
            {
                "transactionName": "TRXN01_SRL_Testing_3",
                "rawStartTime": 1570063663937,
                "rawEndTime": 1570063664252,
                "thinkTime": 0.0,
                "wastedTime": 0.0
            }
        ]
    }
]