[
    {
        "actionName": "Action",
        "steps": [],
        "transactions": [
            {
                "transactionName": "TRXN01_SRL_Testing",
                "rawStartTime": 1570063688578,
                "rawEndTime": 1570063688988,
                "thinkTime": 0.0,
                "wastedTime": 0.0
            },
            {
                "transactionName": "TRXN01_SRL_Testing_2",
                "rawStartTime": 1570063689683,
                "rawEndTime": 1570063690252,
                "thinkTime": 0.0,
                "wastedTime": 0.0
            },
            {
                "transactionName": "TRXN01_SRL_Testing_3",
                "rawStartTime": 1570063690843,
                "rawEndTime": 1570063691181,
                "thinkTime": 0.0,
                "wastedTime": 0.0
            }
        ]
    }
]