[
    {
        "actionName": "Action",
        "steps": [],
        "transactions": [
            {
                "transactionName": "TRXN01_SRL_Testing",
                "rawStartTime": 1570063718126,
                "rawEndTime": 1570063718448,
                "thinkTime": 0.0,
                "wastedTime": 0.0
            },
            {
                "transactionName": "TRXN01_SRL_Testing_2",
                "rawStartTime": 1570063719097,
                "rawEndTime": 1570063719644,
                "thinkTime": 0.0,
                "wastedTime": 0.0
            },
            {
                "transactionName": "TRXN01_SRL_Testing_3",
                "rawStartTime": 1570063720464,
                "rawEndTime": 1570063720753,
                "thinkTime": 0.0,
                "wastedTime": 0.0
            }
        ]
    }
]