[
    {
        "actionName": "Action",
        "steps": [],
        "transactions": [
            {
                "transactionName": "TRXN01_SRL_Testing",
                "rawStartTime": 1570063739447,
                "rawEndTime": 1570063739969,
                "thinkTime": 0.0,
                "wastedTime": 0.0
            },
            {
                "transactionName": "TRXN01_SRL_Testing_2",
                "rawStartTime": 1570063741234,
                "rawEndTime": 1570063741765,
                "thinkTime": 0.0,
                "wastedTime": 0.0
            },
            {
                "transactionName": "TRXN01_SRL_Testing_3",
                "rawStartTime": 1570063742287,
                "rawEndTime": 1570063742571,
                "thinkTime": 0.0,
                "wastedTime": 0.0
            }
        ]
    }
]