[
    {
        "actionName": "Action",
        "steps": [],
        "transactions": [
            {
                "transactionName": "TRXN01_SRL_Testing",
                "rawStartTime": 1570063556013,
                "rawEndTime": 1570063556323,
                "thinkTime": 0.0,
                "wastedTime": 0.0
            },
            {
                "transactionName": "TRXN01_SRL_Testing_2",
                "rawStartTime": 1570063556915,
                "rawEndTime": 1570063557336,
                "thinkTime": 0.0,
                "wastedTime": 0.0
            },
            {
                "transactionName": "TRXN01_SRL_Testing_3",
                "rawStartTime": 1570063557829,
                "rawEndTime": 1570063558085,
                "thinkTime": 0.0,
                "wastedTime": 0.0
            }
        ]
    }
]