[
    {
        "actionName": "Action",
        "steps": [],
        "transactions": [
            {
                "transactionName": "TRXN01_SRL_Testing",
                "rawStartTime": 1570062971687,
                "rawEndTime": 1570062972097,
                "thinkTime": 0.0,
                "wastedTime": 0.0
            },
            {
                "transactionName": "TRXN01_SRL_Testing_2",
                "rawStartTime": 1570062972688,
                "rawEndTime": 1570062973069,
                "thinkTime": 0.0,
                "wastedTime": 0.0
            },
            {
                "transactionName": "TRXN01_SRL_Testing_3",
                "rawStartTime": 1570062973843,
                "rawEndTime": 1570062974141,
                "thinkTime": 0.0,
                "wastedTime": 0.0
            }
        ]
    }
]