[
    {
        "actionName": "Action",
        "steps": [],
        "transactions": [
            {
                "transactionName": "TRXN01_SRL_Testing",
                "rawStartTime": 1570064093311,
                "rawEndTime": 1570064093781,
                "thinkTime": 0.0,
                "wastedTime": 0.0
            },
            {
                "transactionName": "TRXN01_SRL_Testing_2",
                "rawStartTime": 1570064094358,
                "rawEndTime": 1570064095004,
                "thinkTime": 0.0,
                "wastedTime": 0.0
            },
            {
                "transactionName": "TRXN01_SRL_Testing_3",
                "rawStartTime": 1570064095710,
                "rawEndTime": 1570064096067,
                "thinkTime": 0.0,
                "wastedTime": 0.0
            }
        ]
    }
]