[
    {
        "actionName": "Action",
        "steps": [],
        "transactions": [
            {
                "transactionName": "TRXN01_SRL_Testing",
                "rawStartTime": 1570063280654,
                "rawEndTime": 1570063281102,
                "thinkTime": 0.0,
                "wastedTime": 0.0
            },
            {
                "transactionName": "TRXN01_SRL_Testing_2",
                "rawStartTime": 1570063281680,
                "rawEndTime": 1570063281934,
                "thinkTime": 0.0,
                "wastedTime": 0.0
            },
            {
                "transactionName": "TRXN01_SRL_Testing_3",
                "rawStartTime": 1570063282496,
                "rawEndTime": 1570063282811,
                "thinkTime": 0.0,
                "wastedTime": 0.0
            }
        ]
    }
]