[
    {
        "actionName": "Action",
        "steps": [],
        "transactions": [
            {
                "transactionName": "TRXN01_SRL_Testing",
                "rawStartTime": 1570062981060,
                "rawEndTime": 1570062981327,
                "thinkTime": 0.0,
                "wastedTime": 0.0
            },
            {
                "transactionName": "TRXN01_SRL_Testing_2",
                "rawStartTime": 1570062981997,
                "rawEndTime": 1570062982257,
                "thinkTime": 0.0,
                "wastedTime": 0.0
            },
            {
                "transactionName": "TRXN01_SRL_Testing_3",
                "rawStartTime": 1570062982833,
                "rawEndTime": 1570062983278,
                "thinkTime": 0.0,
                "wastedTime": 0.0
            }
        ]
    }
]