[
    {
        "actionName": "Action",
        "steps": [],
        "transactions": [
            {
                "transactionName": "TRXN01_SRL_Testing",
                "rawStartTime": 1570063480160,
                "rawEndTime": 1570063480412,
                "thinkTime": 0.0,
                "wastedTime": 0.0
            },
            {
                "transactionName": "TRXN01_SRL_Testing_2",
                "rawStartTime": 1570063481114,
                "rawEndTime": 1570063481492,
                "thinkTime": 0.0,
                "wastedTime": 0.0
            },
            {
                "transactionName": "TRXN01_SRL_Testing_3",
                "rawStartTime": 1570063482394,
                "rawEndTime": 1570063482688,
                "thinkTime": 0.0,
                "wastedTime": 0.0
            }
        ]
    }
]