[
    {
        "actionName": "Action",
        "steps": [],
        "transactions": [
            {
                "transactionName": "TRXN01_SRL_Testing",
                "rawStartTime": 1570063621001,
                "rawEndTime": 1570063621446,
                "thinkTime": 0.0,
                "wastedTime": 0.0
            },
            {
                "transactionName": "TRXN01_SRL_Testing_2",
                "rawStartTime": 1570063622061,
                "rawEndTime": 1570063622417,
                "thinkTime": 0.0,
                "wastedTime": 0.0
            },
            {
                "transactionName": "TRXN01_SRL_Testing_3",
                "rawStartTime": 1570063622991,
                "rawEndTime": 1570063623282,
                "thinkTime": 0.0,
                "wastedTime": 0.0
            }
        ]
    }
]