[
    {
        "actionName": "Action",
        "steps": [],
        "transactions": [
            {
                "transactionName": "TRXN01_SRL_Testing",
                "rawStartTime": 1570062841535,
                "rawEndTime": 1570062842145,
                "thinkTime": 0.0,
                "wastedTime": 0.0
            },
            {
                "transactionName": "TRXN01_SRL_Testing_2",
                "rawStartTime": 1570062842801,
                "rawEndTime": 1570062843164,
                "thinkTime": 0.0,
                "wastedTime": 0.0
            },
            {
                "transactionName": "TRXN01_SRL_Testing_3",
                "rawStartTime": 1570062843831,
                "rawEndTime": 1570062844153,
                "thinkTime": 0.0,
                "wastedTime": 0.0
            }
        ]
    }
]