[
    {
        "actionName": "Action",
        "steps": [],
        "transactions": [
            {
                "transactionName": "TRXN01_SRL_Testing",
                "rawStartTime": 1570063803336,
                "rawEndTime": 1570063803647,
                "thinkTime": 0.0,
                "wastedTime": 0.0
            },
            {
                "transactionName": "TRXN01_SRL_Testing_2",
                "rawStartTime": 1570063804262,
                "rawEndTime": 1570063804625,
                "thinkTime": 0.0,
                "wastedTime": 0.0
            },
            {
                "transactionName": "TRXN01_SRL_Testing_3",
                "rawStartTime": 1570063805509,
                "rawEndTime": 1570063805965,
                "thinkTime": 0.0,
                "wastedTime": 0.0
            }
        ]
    }
]