[
    {
        "actionName": "Action",
        "steps": [],
        "transactions": [
            {
                "transactionName": "TRXN01_SRL_Testing",
                "rawStartTime": 1570063521252,
                "rawEndTime": 1570063521533,
                "thinkTime": 0.0,
                "wastedTime": 0.0
            },
            {
                "transactionName": "TRXN01_SRL_Testing_2",
                "rawStartTime": 1570063522075,
                "rawEndTime": 1570063522364,
                "thinkTime": 0.0,
                "wastedTime": 0.0
            },
            {
                "transactionName": "TRXN01_SRL_Testing_3",
                "rawStartTime": 1570063522898,
                "rawEndTime": 1570063523436,
                "thinkTime": 0.0,
                "wastedTime": 0.0
            }
        ]
    }
]