[
    {
        "actionName": "Action",
        "steps": [],
        "transactions": [
            {
                "transactionName": "TRXN01_SRL_Testing",
                "rawStartTime": 1570062958590,
                "rawEndTime": 1570062958890,
                "thinkTime": 0.0,
                "wastedTime": 0.0
            },
            {
                "transactionName": "TRXN01_SRL_Testing_2",
                "rawStartTime": 1570062959967,
                "rawEndTime": 1570062960911,
                "thinkTime": 0.0,
                "wastedTime": 0.0
            },
            {
                "transactionName": "TRXN01_SRL_Testing_3",
                "rawStartTime": 1570062961816,
                "rawEndTime": 1570062962070,
                "thinkTime": 0.0,
                "wastedTime": 0.0
            }
        ]
    }
]