[
    {
        "actionName": "Action",
        "steps": [],
        "transactions": [
            {
                "transactionName": "TRXN01_SRL_Testing",
                "rawStartTime": 1570063547573,
                "rawEndTime": 1570063547913,
                "thinkTime": 0.0,
                "wastedTime": 0.0
            },
            {
                "transactionName": "TRXN01_SRL_Testing_2",
                "rawStartTime": 1570063548455,
                "rawEndTime": 1570063548810,
                "thinkTime": 0.0,
                "wastedTime": 0.0
            },
            {
                "transactionName": "TRXN01_SRL_Testing_3",
                "rawStartTime": 1570063549419,
                "rawEndTime": 1570063549858,
                "thinkTime": 0.0,
                "wastedTime": 0.0
            }
        ]
    }
]