[
    {
        "actionName": "Action",
        "steps": [],
        "transactions": [
            {
                "transactionName": "TRXN01_SRL_Testing",
                "rawStartTime": 1570064097924,
                "rawEndTime": 1570064098266,
                "thinkTime": 0.0,
                "wastedTime": 0.0
            },
            {
                "transactionName": "TRXN01_SRL_Testing_2",
                "rawStartTime": 1570064098811,
                "rawEndTime": 1570064099352,
                "thinkTime": 0.0,
                "wastedTime": 0.0
            },
            {
                "transactionName": "TRXN01_SRL_Testing_3",
                "rawStartTime": 1570064100188,
                "rawEndTime": 1570064100683,
                "thinkTime": 0.0,
                "wastedTime": 0.0
            }
        ]
    }
]