[
    {
        "actionName": "Action",
        "steps": [],
        "transactions": [
            {
                "transactionName": "TRXN01_SRL_Testing",
                "rawStartTime": 1570063030772,
                "rawEndTime": 1570063031112,
                "thinkTime": 0.0,
                "wastedTime": 0.0
            },
            {
                "transactionName": "TRXN01_SRL_Testing_2",
                "rawStartTime": 1570063031693,
                "rawEndTime": 1570063032107,
                "thinkTime": 0.0,
                "wastedTime": 0.0
            },
            {
                "transactionName": "TRXN01_SRL_Testing_3",
                "rawStartTime": 1570063032674,
                "rawEndTime": 1570063032930,
                "thinkTime": 0.0,
                "wastedTime": 0.0
            }
        ]
    }
]