[
    {
        "actionName": "Action",
        "steps": [],
        "transactions": [
            {
                "transactionName": "TRXN01_SRL_Testing",
                "rawStartTime": 1570063311773,
                "rawEndTime": 1570063312024,
                "thinkTime": 0.0,
                "wastedTime": 0.0
            },
            {
                "transactionName": "TRXN01_SRL_Testing_2",
                "rawStartTime": 1570063312633,
                "rawEndTime": 1570063312938,
                "thinkTime": 0.0,
                "wastedTime": 0.0
            },
            {
                "transactionName": "TRXN01_SRL_Testing_3",
                "rawStartTime": 1570063313585,
                "rawEndTime": 1570063313852,
                "thinkTime": 0.0,
                "wastedTime": 0.0
            }
        ]
    }
]