[
    {
        "actionName": "Action",
        "steps": [],
        "transactions": [
            {
                "transactionName": "TRXN01_SRL_Testing",
                "rawStartTime": 1570064185049,
                "rawEndTime": 1570064185437,
                "thinkTime": 0.0,
                "wastedTime": 0.0
            },
            {
                "transactionName": "TRXN01_SRL_Testing_2",
                "rawStartTime": 1570064186202,
                "rawEndTime": 1570064186516,
                "thinkTime": 0.0,
                "wastedTime": 0.0
            },
            {
                "transactionName": "TRXN01_SRL_Testing_3",
                "rawStartTime": 1570064187126,
                "rawEndTime": 1570064187673,
                "thinkTime": 0.0,
                "wastedTime": 0.0
            }
        ]
    }
]