[
    {
        "actionName": "Action",
        "steps": [],
        "transactions": [
            {
                "transactionName": "TRXN01_SRL_Testing",
                "rawStartTime": 1570063813156,
                "rawEndTime": 1570063813651,
                "thinkTime": 0.0,
                "wastedTime": 0.0
            },
            {
                "transactionName": "TRXN01_SRL_Testing_2",
                "rawStartTime": 1570063814340,
                "rawEndTime": 1570063814729,
                "thinkTime": 0.0,
                "wastedTime": 0.0
            },
            {
                "transactionName": "TRXN01_SRL_Testing_3",
                "rawStartTime": 1570063815901,
                "rawEndTime": 1570063816274,
                "thinkTime": 0.0,
                "wastedTime": 0.0
            }
        ]
    }
]