[
    {
        "actionName": "Action",
        "steps": [],
        "transactions": [
            {
                "transactionName": "TRXN01_SRL_Testing",
                "rawStartTime": 1570063731213,
                "rawEndTime": 1570063731525,
                "thinkTime": 0.0,
                "wastedTime": 0.0
            },
            {
                "transactionName": "TRXN01_SRL_Testing_2",
                "rawStartTime": 1570063732132,
                "rawEndTime": 1570063732589,
                "thinkTime": 0.0,
                "wastedTime": 0.0
            },
            {
                "transactionName": "TRXN01_SRL_Testing_3",
                "rawStartTime": 1570063733131,
                "rawEndTime": 1570063733450,
                "thinkTime": 0.0,
                "wastedTime": 0.0
            }
        ]
    }
]