[
    {
        "actionName": "Action",
        "steps": [],
        "transactions": [
            {
                "transactionName": "TRXN01_SRL_Testing",
                "rawStartTime": 1570063943368,
                "rawEndTime": 1570063943760,
                "thinkTime": 0.0,
                "wastedTime": 0.0
            },
            {
                "transactionName": "TRXN01_SRL_Testing_2",
                "rawStartTime": 1570063944286,
                "rawEndTime": 1570063944794,
                "thinkTime": 0.0,
                "wastedTime": 0.0
            },
            {
                "transactionName": "TRXN01_SRL_Testing_3",
                "rawStartTime": 1570063945498,
                "rawEndTime": 1570063945803,
                "thinkTime": 0.0,
                "wastedTime": 0.0
            }
        ]
    }
]