[
    {
        "actionName": "Action",
        "steps": [],
        "transactions": [
            {
                "transactionName": "TRXN01_SRL_Testing",
                "rawStartTime": 1570063095717,
                "rawEndTime": 1570063095999,
                "thinkTime": 0.0,
                "wastedTime": 0.0
            },
            {
                "transactionName": "TRXN01_SRL_Testing_2",
                "rawStartTime": 1570063096643,
                "rawEndTime": 1570063096929,
                "thinkTime": 0.0,
                "wastedTime": 0.0
            },
            {
                "transactionName": "TRXN01_SRL_Testing_3",
                "rawStartTime": 1570063097693,
                "rawEndTime": 1570063097985,
                "thinkTime": 0.0,
                "wastedTime": 0.0
            }
        ]
    }
]