[
    {
        "actionName": "Action",
        "steps": [],
        "transactions": [
            {
                "transactionName": "TRXN01_SRL_Testing",
                "rawStartTime": 1570063865055,
                "rawEndTime": 1570063865369,
                "thinkTime": 0.0,
                "wastedTime": 0.0
            },
            {
                "transactionName": "TRXN01_SRL_Testing_2",
                "rawStartTime": 1570063866177,
                "rawEndTime": 1570063866491,
                "thinkTime": 0.0,
                "wastedTime": 0.0
            },
            {
                "transactionName": "TRXN01_SRL_Testing_3",
                "rawStartTime": 1570063867262,
                "rawEndTime": 1570063867605,
                "thinkTime": 0.0,
                "wastedTime": 0.0
            }
        ]
    }
]