[
    {
        "actionName": "Action",
        "steps": [],
        "transactions": [
            {
                "transactionName": "TRXN01_SRL_Testing",
                "rawStartTime": 1570064157015,
                "rawEndTime": 1570064157323,
                "thinkTime": 0.0,
                "wastedTime": 0.0
            },
            {
                "transactionName": "TRXN01_SRL_Testing_2",
                "rawStartTime": 1570064158097,
                "rawEndTime": 1570064158552,
                "thinkTime": 0.0,
                "wastedTime": 0.0
            },
            {
                "transactionName": "TRXN01_SRL_Testing_3",
                "rawStartTime": 1570064159187,
                "rawEndTime": 1570064159698,
                "thinkTime": 0.0,
                "wastedTime": 0.0
            }
        ]
    }
]