[
    {
        "actionName": "Action",
        "steps": [],
        "transactions": [
            {
                "transactionName": "TRXN01_SRL_Testing",
                "rawStartTime": 1570063692923,
                "rawEndTime": 1570063693262,
                "thinkTime": 0.0,
                "wastedTime": 0.0
            },
            {
                "transactionName": "TRXN01_SRL_Testing_2",
                "rawStartTime": 1570063693751,
                "rawEndTime": 1570063694262,
                "thinkTime": 0.0,
                "wastedTime": 0.0
            },
            {
                "transactionName": "TRXN01_SRL_Testing_3",
                "rawStartTime": 1570063695018,
                "rawEndTime": 1570063695671,
                "thinkTime": 0.0,
                "wastedTime": 0.0
            }
        ]
    }
]