[
    {
        "actionName": "Action",
        "steps": [],
        "transactions": [
            {
                "transactionName": "TRXN01_SRL_Testing",
                "rawStartTime": 1570063991984,
                "rawEndTime": 1570063992282,
                "thinkTime": 0.0,
                "wastedTime": 0.0
            },
            {
                "transactionName": "TRXN01_SRL_Testing_2",
                "rawStartTime": 1570063992958,
                "rawEndTime": 1570063993321,
                "thinkTime": 0.0,
                "wastedTime": 0.0
            },
            {
                "transactionName": "TRXN01_SRL_Testing_3",
                "rawStartTime": 1570063993824,
                "rawEndTime": 1570063994160,
                "thinkTime": 0.0,
                "wastedTime": 0.0
            }
        ]
    }
]