[
    {
        "actionName": "Action",
        "steps": [],
        "transactions": [
            {
                "transactionName": "TRXN01_SRL_Testing",
                "rawStartTime": 1570063276271,
                "rawEndTime": 1570063276663,
                "thinkTime": 0.0,
                "wastedTime": 0.0
            },
            {
                "transactionName": "TRXN01_SRL_Testing_2",
                "rawStartTime": 1570063277301,
                "rawEndTime": 1570063277688,
                "thinkTime": 0.0,
                "wastedTime": 0.0
            },
            {
                "transactionName": "TRXN01_SRL_Testing_3",
                "rawStartTime": 1570063278395,
                "rawEndTime": 1570063278766,
                "thinkTime": 0.0,
                "wastedTime": 0.0
            }
        ]
    }
]