[
    {
        "actionName": "Action",
        "steps": [],
        "transactions": [
            {
                "transactionName": "TRXN01_SRL_Testing",
                "rawStartTime": 1570063616285,
                "rawEndTime": 1570063616649,
                "thinkTime": 0.0,
                "wastedTime": 0.0
            },
            {
                "transactionName": "TRXN01_SRL_Testing_2",
                "rawStartTime": 1570063617417,
                "rawEndTime": 1570063617727,
                "thinkTime": 0.0,
                "wastedTime": 0.0
            },
            {
                "transactionName": "TRXN01_SRL_Testing_3",
                "rawStartTime": 1570063618326,
                "rawEndTime": 1570063618633,
                "thinkTime": 0.0,
                "wastedTime": 0.0
            }
        ]
    }
]