[
    {
        "actionName": "Action",
        "steps": [],
        "transactions": [
            {
                "transactionName": "TRXN01_SRL_Testing",
                "rawStartTime": 1570063900119,
                "rawEndTime": 1570063900450,
                "thinkTime": 0.0,
                "wastedTime": 0.0
            },
            {
                "transactionName": "TRXN01_SRL_Testing_2",
                "rawStartTime": 1570063900942,
                "rawEndTime": 1570063901447,
                "thinkTime": 0.0,
                "wastedTime": 0.0
            },
            {
                "transactionName": "TRXN01_SRL_Testing_3",
                "rawStartTime": 1570063901923,
                "rawEndTime": 1570063902245,
                "thinkTime": 0.0,
                "wastedTime": 0.0
            }
        ]
    }
]