[
    {
        "actionName": "Action",
        "steps": [],
        "transactions": [
            {
                "transactionName": "TRXN01_SRL_Testing",
                "rawStartTime": 1570063081999,
                "rawEndTime": 1570063082267,
                "thinkTime": 0.0,
                "wastedTime": 0.0
            },
            {
                "transactionName": "TRXN01_SRL_Testing_2",
                "rawStartTime": 1570063082882,
                "rawEndTime": 1570063083283,
                "thinkTime": 0.0,
                "wastedTime": 0.0
            },
            {
                "transactionName": "TRXN01_SRL_Testing_3",
                "rawStartTime": 1570063083996,
                "rawEndTime": 1570063084242,
                "thinkTime": 0.0,
                "wastedTime": 0.0
            }
        ]
    }
]