[
    {
        "actionName": "Action",
        "steps": [],
        "transactions": [
            {
                "transactionName": "TRXN01_SRL_Testing",
                "rawStartTime": 1570064189307,
                "rawEndTime": 1570064189749,
                "thinkTime": 0.0,
                "wastedTime": 0.0
            },
            {
                "transactionName": "TRXN01_SRL_Testing_2",
                "rawStartTime": 1570064190779,
                "rawEndTime": 1570064191204,
                "thinkTime": 0.0,
                "wastedTime": 0.0
            },
            {
                "transactionName": "TRXN01_SRL_Testing_3",
                "rawStartTime": 1570064191970,
                "rawEndTime": 1570064192346,
                "thinkTime": 0.0,
                "wastedTime": 0.0
            }
        ]
    }
]