[
    {
        "actionName": "Action",
        "steps": [],
        "transactions": [
            {
                "transactionName": "TRXN01_SRL_Testing",
                "rawStartTime": 1570062947343,
                "rawEndTime": 1570062947743,
                "thinkTime": 0.0,
                "wastedTime": 0.0
            },
            {
                "transactionName": "TRXN01_SRL_Testing_2",
                "rawStartTime": 1570062948370,
                "rawEndTime": 1570062948631,
                "thinkTime": 0.0,
                "wastedTime": 0.0
            },
            {
                "transactionName": "TRXN01_SRL_Testing_3",
                "rawStartTime": 1570062949658,
                "rawEndTime": 1570062950584,
                "thinkTime": 0.0,
                "wastedTime": 0.0
            }
        ]
    }
]