[
    {
        "actionName": "Action",
        "steps": [],
        "transactions": [
            {
                "transactionName": "TRXN01_SRL_Testing",
                "rawStartTime": 1570063569348,
                "rawEndTime": 1570063569823,
                "thinkTime": 0.0,
                "wastedTime": 0.0
            },
            {
                "transactionName": "TRXN01_SRL_Testing_2",
                "rawStartTime": 1570063570595,
                "rawEndTime": 1570063570860,
                "thinkTime": 0.0,
                "wastedTime": 0.0
            },
            {
                "transactionName": "TRXN01_SRL_Testing_3",
                "rawStartTime": 1570063571608,
                "rawEndTime": 1570063571905,
                "thinkTime": 0.0,
                "wastedTime": 0.0
            }
        ]
    }
]