[
    {
        "actionName": "Action",
        "steps": [],
        "transactions": [
            {
                "transactionName": "TRXN01_SRL_Testing",
                "rawStartTime": 1570062862924,
                "rawEndTime": 1570062863251,
                "thinkTime": 0.0,
                "wastedTime": 0.0
            },
            {
                "transactionName": "TRXN01_SRL_Testing_2",
                "rawStartTime": 1570062863860,
                "rawEndTime": 1570062864174,
                "thinkTime": 0.0,
                "wastedTime": 0.0
            },
            {
                "transactionName": "TRXN01_SRL_Testing_3",
                "rawStartTime": 1570062864940,
                "rawEndTime": 1570062865502,
                "thinkTime": 0.0,
                "wastedTime": 0.0
            }
        ]
    }
]