[
    {
        "actionName": "Action",
        "steps": [],
        "transactions": [
            {
                "transactionName": "TRXN01_SRL_Testing",
                "rawStartTime": 1570063361262,
                "rawEndTime": 1570063361737,
                "thinkTime": 0.0,
                "wastedTime": 0.0
            },
            {
                "transactionName": "TRXN01_SRL_Testing_2",
                "rawStartTime": 1570063362377,
                "rawEndTime": 1570063362652,
                "thinkTime": 0.0,
                "wastedTime": 0.0
            },
            {
                "transactionName": "TRXN01_SRL_Testing_3",
                "rawStartTime": 1570063363266,
                "rawEndTime": 1570063363588,
                "thinkTime": 0.0,
                "wastedTime": 0.0
            }
        ]
    }
]