[
    {
        "actionName": "Action",
        "steps": [],
        "transactions": [
            {
                "transactionName": "TRXN01_SRL_Testing",
                "rawStartTime": 1570063670911,
                "rawEndTime": 1570063671279,
                "thinkTime": 0.0,
                "wastedTime": 0.0
            },
            {
                "transactionName": "TRXN01_SRL_Testing_2",
                "rawStartTime": 1570063671931,
                "rawEndTime": 1570063672206,
                "thinkTime": 0.0,
                "wastedTime": 0.0
            },
            {
                "transactionName": "TRXN01_SRL_Testing_3",
                "rawStartTime": 1570063672673,
                "rawEndTime": 1570063673112,
                "thinkTime": 0.0,
                "wastedTime": 0.0
            }
        ]
    }
]