[
    {
        "actionName": "Action",
        "steps": [],
        "transactions": [
            {
                "transactionName": "TRXN01_SRL_Testing",
                "rawStartTime": 1570063496294,
                "rawEndTime": 1570063496569,
                "thinkTime": 0.0,
                "wastedTime": 0.0
            },
            {
                "transactionName": "TRXN01_SRL_Testing_2",
                "rawStartTime": 1570063497085,
                "rawEndTime": 1570063497359,
                "thinkTime": 0.0,
                "wastedTime": 0.0
            },
            {
                "transactionName": "TRXN01_SRL_Testing_3",
                "rawStartTime": 1570063497878,
                "rawEndTime": 1570063498166,
                "thinkTime": 0.0,
                "wastedTime": 0.0
            }
        ]
    }
]