[
    {
        "actionName": "Action",
        "steps": [],
        "transactions": [
            {
                "transactionName": "TRXN01_SRL_Testing",
                "rawStartTime": 1570063267117,
                "rawEndTime": 1570063267683,
                "thinkTime": 0.0,
                "wastedTime": 0.0
            },
            {
                "transactionName": "TRXN01_SRL_Testing_2",
                "rawStartTime": 1570063268234,
                "rawEndTime": 1570063268500,
                "thinkTime": 0.0,
                "wastedTime": 0.0
            },
            {
                "transactionName": "TRXN01_SRL_Testing_3",
                "rawStartTime": 1570063269288,
                "rawEndTime": 1570063269553,
                "thinkTime": 0.0,
                "wastedTime": 0.0
            }
        ]
    }
]