[
    {
        "actionName": "Action",
        "steps": [],
        "transactions": [
            {
                "transactionName": "TRXN01_SRL_Testing",
                "rawStartTime": 1570063107968,
                "rawEndTime": 1570063108251,
                "thinkTime": 0.0,
                "wastedTime": 0.0
            },
            {
                "transactionName": "TRXN01_SRL_Testing_2",
                "rawStartTime": 1570063109136,
                "rawEndTime": 1570063109442,
                "thinkTime": 0.0,
                "wastedTime": 0.0
            },
            {
                "transactionName": "TRXN01_SRL_Testing_3",
                "rawStartTime": 1570063110804,
                "rawEndTime": 1570063111271,
                "thinkTime": 0.0,
                "wastedTime": 0.0
            }
        ]
    }
]