[
    {
        "actionName": "Action",
        "steps": [],
        "transactions": [
            {
                "transactionName": "TRXN01_SRL_Testing",
                "rawStartTime": 1570063232451,
                "rawEndTime": 1570063232727,
                "thinkTime": 0.0,
                "wastedTime": 0.0
            },
            {
                "transactionName": "TRXN01_SRL_Testing_2",
                "rawStartTime": 1570063233427,
                "rawEndTime": 1570063233702,
                "thinkTime": 0.0,
                "wastedTime": 0.0
            },
            {
                "transactionName": "TRXN01_SRL_Testing_3",
                "rawStartTime": 1570063234186,
                "rawEndTime": 1570063234625,
                "thinkTime": 0.0,
                "wastedTime": 0.0
            }
        ]
    }
]