[
    {
        "actionName": "Action",
        "steps": [],
        "transactions": [
            {
                "transactionName": "TRXN01_SRL_Testing",
                "rawStartTime": 1570063709413,
                "rawEndTime": 1570063709889,
                "thinkTime": 0.0,
                "wastedTime": 0.0
            },
            {
                "transactionName": "TRXN01_SRL_Testing_2",
                "rawStartTime": 1570063710857,
                "rawEndTime": 1570063711289,
                "thinkTime": 0.0,
                "wastedTime": 0.0
            },
            {
                "transactionName": "TRXN01_SRL_Testing_3",
                "rawStartTime": 1570063712082,
                "rawEndTime": 1570063712384,
                "thinkTime": 0.0,
                "wastedTime": 0.0
            }
        ]
    }
]