[
    {
        "actionName": "Action",
        "steps": [],
        "transactions": [
            {
                "transactionName": "TRXN01_SRL_Testing",
                "rawStartTime": 1570063925318,
                "rawEndTime": 1570063925634,
                "thinkTime": 0.0,
                "wastedTime": 0.0
            },
            {
                "transactionName": "TRXN01_SRL_Testing_2",
                "rawStartTime": 1570063926246,
                "rawEndTime": 1570063926639,
                "thinkTime": 0.0,
                "wastedTime": 0.0
            },
            {
                "transactionName": "TRXN01_SRL_Testing_3",
                "rawStartTime": 1570063927322,
                "rawEndTime": 1570063927705,
                "thinkTime": 0.0,
                "wastedTime": 0.0
            }
        ]
    }
]