[
    {
        "actionName": "Action",
        "steps": [],
        "transactions": [
            {
                "transactionName": "TRXN01_SRL_Testing",
                "rawStartTime": 1570063996437,
                "rawEndTime": 1570063996947,
                "thinkTime": 0.0,
                "wastedTime": 0.0
            },
            {
                "transactionName": "TRXN01_SRL_Testing_2",
                "rawStartTime": 1570063997525,
                "rawEndTime": 1570063997860,
                "thinkTime": 0.0,
                "wastedTime": 0.0
            },
            {
                "transactionName": "TRXN01_SRL_Testing_3",
                "rawStartTime": 1570063998622,
                "rawEndTime": 1570063998982,
                "thinkTime": 0.0,
                "wastedTime": 0.0
            }
        ]
    }
]