[
    {
        "actionName": "Action",
        "steps": [],
        "transactions": [
            {
                "transactionName": "TRXN01_SRL_Testing",
                "rawStartTime": 1570064074768,
                "rawEndTime": 1570064075296,
                "thinkTime": 0.0,
                "wastedTime": 0.0
            },
            {
                "transactionName": "TRXN01_SRL_Testing_2",
                "rawStartTime": 1570064075937,
                "rawEndTime": 1570064076226,
                "thinkTime": 0.0,
                "wastedTime": 0.0
            },
            {
                "transactionName": "TRXN01_SRL_Testing_3",
                "rawStartTime": 1570064076810,
                "rawEndTime": 1570064077150,
                "thinkTime": 0.0,
                "wastedTime": 0.0
            }
        ]
    }
]