[
    {
        "actionName": "Action",
        "steps": [],
        "transactions": [
            {
                "transactionName": "TRXN01_SRL_Testing",
                "rawStartTime": 1570063056483,
                "rawEndTime": 1570063056846,
                "thinkTime": 0.0,
                "wastedTime": 0.0
            },
            {
                "transactionName": "TRXN01_SRL_Testing_2",
                "rawStartTime": 1570063057423,
                "rawEndTime": 1570063057909,
                "thinkTime": 0.0,
                "wastedTime": 0.0
            },
            {
                "transactionName": "TRXN01_SRL_Testing_3",
                "rawStartTime": 1570063058634,
                "rawEndTime": 1570063058890,
                "thinkTime": 0.0,
                "wastedTime": 0.0
            }
        ]
    }
]