[
    {
        "actionName": "Action",
        "steps": [],
        "transactions": [
            {
                "transactionName": "TRXN01_SRL_Testing",
                "rawStartTime": 1570064066115,
                "rawEndTime": 1570064066525,
                "thinkTime": 0.0,
                "wastedTime": 0.0
            },
            {
                "transactionName": "TRXN01_SRL_Testing_2",
                "rawStartTime": 1570064067282,
                "rawEndTime": 1570064067645,
                "thinkTime": 0.0,
                "wastedTime": 0.0
            },
            {
                "transactionName": "TRXN01_SRL_Testing_3",
                "rawStartTime": 1570064068145,
                "rawEndTime": 1570064068475,
                "thinkTime": 0.0,
                "wastedTime": 0.0
            }
        ]
    }
]