[
    {
        "actionName": "Action",
        "steps": [],
        "transactions": [
            {
                "transactionName": "TRXN01_SRL_Testing",
                "rawStartTime": 1570063653828,
                "rawEndTime": 1570063654156,
                "thinkTime": 0.0,
                "wastedTime": 0.0
            },
            {
                "transactionName": "TRXN01_SRL_Testing_2",
                "rawStartTime": 1570063655183,
                "rawEndTime": 1570063655638,
                "thinkTime": 0.0,
                "wastedTime": 0.0
            },
            {
                "transactionName": "TRXN01_SRL_Testing_3",
                "rawStartTime": 1570063656105,
                "rawEndTime": 1570063656468,
                "thinkTime": 0.0,
                "wastedTime": 0.0
            }
        ]
    }
]