[
    {
        "actionName": "Action",
        "steps": [],
        "transactions": [
            {
                "transactionName": "TRXN01_SRL_Testing",
                "rawStartTime": 1570063428949,
                "rawEndTime": 1570063429349,
                "thinkTime": 0.0,
                "wastedTime": 0.0
            },
            {
                "transactionName": "TRXN01_SRL_Testing_2",
                "rawStartTime": 1570063430290,
                "rawEndTime": 1570063430621,
                "thinkTime": 0.0,
                "wastedTime": 0.0
            },
            {
                "transactionName": "TRXN01_SRL_Testing_3",
                "rawStartTime": 1570063431117,
                "rawEndTime": 1570063431458,
                "thinkTime": 0.0,
                "wastedTime": 0.0
            }
        ]
    }
]