[
    {
        "actionName": "Action",
        "steps": [],
        "transactions": [
            {
                "transactionName": "TRXN01_SRL_Testing",
                "rawStartTime": 1570063288651,
                "rawEndTime": 1570063289055,
                "thinkTime": 0.0,
                "wastedTime": 0.0
            },
            {
                "transactionName": "TRXN01_SRL_Testing_2",
                "rawStartTime": 1570063290002,
                "rawEndTime": 1570063290959,
                "thinkTime": 0.0,
                "wastedTime": 0.0
            },
            {
                "transactionName": "TRXN01_SRL_Testing_3",
                "rawStartTime": 1570063292534,
                "rawEndTime": 1570063292824,
                "thinkTime": 0.0,
                "wastedTime": 0.0
            }
        ]
    }
]