[
    {
        "actionName": "Action",
        "steps": [],
        "transactions": [
            {
                "transactionName": "TRXN01_SRL_Testing",
                "rawStartTime": 1570064027260,
                "rawEndTime": 1570064027552,
                "thinkTime": 0.0,
                "wastedTime": 0.0
            },
            {
                "transactionName": "TRXN01_SRL_Testing_2",
                "rawStartTime": 1570064028227,
                "rawEndTime": 1570064028580,
                "thinkTime": 0.0,
                "wastedTime": 0.0
            },
            {
                "transactionName": "TRXN01_SRL_Testing_3",
                "rawStartTime": 1570064029240,
                "rawEndTime": 1570064029683,
                "thinkTime": 0.0,
                "wastedTime": 0.0
            }
        ]
    }
]