[
    {
        "actionName": "Action",
        "steps": [],
        "transactions": [
            {
                "transactionName": "TRXN01_SRL_Testing",
                "rawStartTime": 1570063353464,
                "rawEndTime": 1570063353952,
                "thinkTime": 0.0,
                "wastedTime": 0.0
            },
            {
                "transactionName": "TRXN01_SRL_Testing_2",
                "rawStartTime": 1570063354480,
                "rawEndTime": 1570063355038,
                "thinkTime": 0.0,
                "wastedTime": 0.0
            },
            {
                "transactionName": "TRXN01_SRL_Testing_3",
                "rawStartTime": 1570063355566,
                "rawEndTime": 1570063355911,
                "thinkTime": 0.0,
                "wastedTime": 0.0
            }
        ]
    }
]